#source	GTA_family	GTA_subfamily	SequenceID	Species	TaxID	Phylum	Kingdom	SequenceFullLength	DomainStart	DomainEnd	DomainSequence	FullSequence
uniprot	GT6	GT6-Mix	tr|F8KUR1|F8KUR1_PARAV	Parachlamydia acanthamoebae (strain UV7)	765952	Chlamydiae	Bacteria	249	29	247	VMATGKYVSFVPPLVKSADHFFCKNHKVTYFVFTDGYLEPMPNVVPIFHAKMGWPYDTMMRYHVYDMHRDAFAGQDYLYACDADMLFVGEVGDEILGNRVATRHPGFINRPKSSYTYERNPLSTAYIPQGEGNDYFAGGFYGGTKDEFLNIVHTNAVNIDQDMQNGIIAVWHDESHWNRFCINNPPTVILSPSYCYPQGLRIPFLPKLIALDKNHEEMR	MLTRSLKILIGLCLLFSHALYAANVGLLVMATGKYVSFVPPLVKSADHFFCKNHKVTYFVFTDGYLEPMPNVVPIFHAKMGWPYDTMMRYHVYDMHRDAFAGQDYLYACDADMLFVGEVGDEILGNRVATRHPGFINRPKSSYTYERNPLSTAYIPQGEGNDYFAGGFYGGTKDEFLNIVHTNAVNIDQDMQNGIIAVWHDESHWNRFCINNPPTVILSPSYCYPQGLRIPFLPKLIALDKNHEEMRKG
uniprot	GT6	GT6-Mix	tr|D3UIY4|D3UIY4_HELM1	Helicobacter mustelae (strain ATCC 43772 / LMG 18044 / NCTC 12198 / 12198)	679897	Proteobacteria	Bacteria	306	52	248	TGAYSIFWQDFYDSAKVHLLPAHRLTYFVFTDADSLYAEEASDVRKIYQENLGWPFNTLKRFEMFLGQEEALREFDFVFFFNANCLFFQHIGDEFLPIEEDILVTQHYGFRDASPECFTYERNPKSLAYVPFGKGKAYVYGSTNGGKAGAFLALARTLQERIQEDLSRGIIAIWHDESHLNAYIIDHPNYKMLDYGY	MQSTAQNTQQNTHFAGSSQTTPQAAQSVQQASLALPKSSPTCYKIAILYICTGAYSIFWQDFYDSAKVHLLPAHRLTYFVFTDADSLYAEEASDVRKIYQENLGWPFNTLKRFEMFLGQEEALREFDFVFFFNANCLFFQHIGDEFLPIEEDILVTQHYGFRDASPECFTYERNPKSLAYVPFGKGKAYVYGSTNGGKAGAFLALARTLQERIQEDLSRGIIAIWHDESHLNAYIIDHPNYKMLDYGYGFPEGYGRVPGGGVYIFLRDKSRVIDVNAIKGMGSPANRRLKNALRKLKHFSKRLLGR
uniprot	GT6	GT6-Mix	tr|D1B3X0|D1B3X0_SULD5	Sulfurospirillum deleyianum (strain ATCC 51133 / DSM 6946 / 5175)	525898	Proteobacteria	Bacteria	258	11	213	TGDYWKFWENFYKSSEELFLTNEEKHYFLFTDNRELLNINNERIHSFFQEKMDWPYPTLYRYKTFIKYKTVFQDMDYLIFCNANLLFNEKISRNDLFANKELFATLHPGFFDKKPQKFTYETNIKSLAYTEKKVDSIYVCGGFNGGIKNDFLKMAEILDDNIDKDFSESIIAIWHDESHINNYVQNNKEKFNILSPSFCYPQH	MNKIGILYICTGDYWKFWENFYKSSEELFLTNEEKHYFLFTDNRELLNINNERIHSFFQEKMDWPYPTLYRYKTFIKYKTVFQDMDYLIFCNANLLFNEKISRNDLFANKELFATLHPGFFDKKPQKFTYETNIKSLAYTEKKVDSIYVCGGFNGGIKNDFLKMAEILDDNIDKDFSESIIAIWHDESHINNYVQNNKEKFNILSPSFCYPQHYSIDINKKIIVQDKEKIISIKHKGVFYNIRFLIIKMLKKMFRHRR
uniprot	GT6	GT6-Mix	tr|D1PRD4|D1PRD4_9FIRM	Subdoligranulum variabile DSM 15176	411471	Firmicutes	Bacteria	286	15	217	TGAYQVFWHDFYPNFRQHFLPDCDRTFFVFTDAASIDYEDQPDVRRFQQEALPWPYSTMQRFDAFLSQAEALADYDYLFFANANLHCLRDVTAGELLPDAAKGQELTVVCHLPYYGRNPIFHPYERRRKCRAGIPYNCGTYYVAGGINGGASGAFLEMCRELKARTDEDLQRGIIARCHDESQLNRLVAECPERFRILPPEYC	MSESRIRVAVLYLCTGAYQVFWHDFYPNFRQHFLPDCDRTFFVFTDAASIDYEDQPDVRRFQQEALPWPYSTMQRFDAFLSQAEALADYDYLFFANANLHCLRDVTAGELLPDAAKGQELTVVCHLPYYGRNPIFHPYERRRKCRAGIPYNCGTYYVAGGINGGASGAFLEMCRELKARTDEDLQRGIIARCHDESQLNRLVAECPERFRILPPEYCTPEETPTGKEAIRVLQKSHYIDMSAVRQQGRRQNYLQRKWEAFCLNWLPYLWWARDTLLRRRVDPPRTR
uniprot	GT6	GT6-Mix	tr|B0UVK9|B0UVK9_HISS2	Histophilus somni (strain 2336)	228400	Proteobacteria	Bacteria	260	11	215	ATGRYHVLWEDFYKSAEKHFLPELPKKYFLFSDYEGSFLGEESGNVHRIYQKKLGWPYDTLMRFDMFLKEKERFKELDYLFFVNANMIFIKDIHQNEVLASDKELIMILQPWFIGLDIDKTTYDRNPLSTSYIPYGEGEHYVMGSFNGGKTSAFLEMCQQLNDNIYLDLKKDIIALWHDESHLNHYCWRNKEKIFILPDSYLLDE	MVKNIGILYIATGRYHVLWEDFYKSAEKHFLPELPKKYFLFSDYEGSFLGEESGNVHRIYQKKLGWPYDTLMRFDMFLKEKERFKELDYLFFVNANMIFIKDIHQNEVLASDKELIMILQPWFIGLDIDKTTYDRNPLSTSYIPYGEGEHYVMGSFNGGKTSAFLEMCQQLNDNIYLDLKKDIIALWHDESHLNHYCWRNKEKIFILPDSYLLDEGQQYFPSKKSHYINPLYLKNHDVRLVMRNKNHYRFGGGELHERDY
uniprot	GT6	GT6-Mix	tr|D0SG80|D0SG80_ACIJO	Acinetobacter johnsonii SH046	575586	Proteobacteria	Bacteria	281	13	212	ATGRYITFWDFFYKSAEQNLLLNSSKHYFVFTDCKELLESDIEKNITYIKQQKLGWPYDTLMRFNIFLTQKDQLKKFDYIFFFNANTEIIKNIKEEDLLPLHSDENLVLTHQPHVFHKNKKQFTYDRNPLSNAYIPLSQGRYYFTGALNGGKSVNFLEMCEHLNRNTKEDLDQNIIALWHDESHLNKYVLDRTDVKILPP	MYSKTKVAILYIATGRYITFWDFFYKSAEQNLLLNSSKHYFVFTDCKELLESDIEKNITYIKQQKLGWPYDTLMRFNIFLTQKDQLKKFDYIFFFNANTEIIKNIKEEDLLPLHSDENLVLTHQPHVFHKNKKQFTYDRNPLSNAYIPLSQGRYYFTGALNGGKSVNFLEMCEHLNRNTKEDLDQNIIALWHDESHLNKYVLDRTDVKILPPYFTRGEKEYWKKEAKVMFSDKSHYRFGGHAFLRGETDQYIDQIEWKALNGKPKKRISFRLKQYIKSFFI
uniprot	GT6	GT6-Mix	tr|S0GK24|S0GK24_9BACT	Parabacteroides goldsteinii dnLKV18	1235789	Bacteroidetes	Bacteria	274	10	213	TGRYSIFWKKFYQSTEKSFMQGSPCIREYYVFTDNPCLYGEKKNKRIHRIYQENLGWPDNTLMRFSMFLKIKERLEKETDYLYFFNANMVIREKIGKEFLPEESSNGLVGLIHSGGYDREVNEFTYDRNEKSTAYIPYGEGRYYYAGGLNGGRTPAFLKMAETLRDNTEEDKRNGVMALWHDESHINRYFLDHPPYSLTPAYCY	MRIGILYICTGRYSIFWKKFYQSTEKSFMQGSPCIREYYVFTDNPCLYGEKKNKRIHRIYQENLGWPDNTLMRFSMFLKIKERLEKETDYLYFFNANMVIREKIGKEFLPEESSNGLVGLIHSGGYDREVNEFTYDRNEKSTAYIPYGEGRYYYAGGLNGGRTPAFLKMAETLRDNTEEDKRNGVMALWHDESHINRYFLDHPPYSLTPAYCYPEGWNMPFPQIILLLDKSFICGGHKYLRGGKRNFHDYTSYLKRSLVRFARKVIGVLRGFGL
uniprot	GT6	GT6-Mix	tr|R7L650|R7L650_9BACT	Coraliomargarita sp. CAG:312	1262865	Verrucomicrobia	Bacteria	264	9	209	ATGRYLTFWKDFFESSERYFLRGIHKSYFVFTDSSPSDVAHSCSSKVNVFHLDKYGHPRDTLYRFRTFLTAESELEGFDYIFFFNANVKFVREVNADILPSAGEGLVCALHPLMSKADNKSYPYERDSGSLAYIPMGSGKVYVQGALIGGTSKAFLDMSRQLKKNIDDDLDKGIVAVWHDESHLNRYILEKNPKLLGLEYL	MKTAVLYIATGRYLTFWKDFFESSERYFLRGIHKSYFVFTDSSPSDVAHSCSSKVNVFHLDKYGHPRDTLYRFRTFLTAESELEGFDYIFFFNANVKFVREVNADILPSAGEGLVCALHPLMSKADNKSYPYERDSGSLAYIPMGSGKVYVQGALIGGTSKAFLDMSRQLKKNIDDDLDKGIVAVWHDESHLNRYILEKNPKLLGLEYLCPDTLKYRRRCGWRQKILLLEKSSFKYGGIDYIRGKTDKKIGIFRYFLRKVFHCA
uniprot	GT6	GT6-Mix	tr|R5UQB5|R5UQB5_9BACE	Bacteroides caccae CAG:21	1263037	Bacteroidetes	Bacteria	263	10	210	TGKYNQFFKGFFESCEKYLLKDIAQLEYYVFTDDMSLSDEANVHLIKKECAGFPADSLFRFDMFLQVRQELEKTDYIYFFNSNAEFKAPVGKELLPLNGEKLVGAEWPGKRKPFKHPAFYPYERNKHSSAYIPPREDKPYIYYMGGINGGEAADYLEMAETLSENIYADYEKGIVALVHDESHINKYFRTHDCKVLSAEYC	MKVAILYICTGKYNQFFKGFFESCEKYLLKDIAQLEYYVFTDDMSLSDEANVHLIKKECAGFPADSLFRFDMFLQVRQELEKTDYIYFFNSNAEFKAPVGKELLPLNGEKLVGAEWPGKRKPFKHPAFYPYERNKHSSAYIPPREDKPYIYYMGGINGGEAADYLEMAETLSENIYADYEKGIVALVHDESHINKYFRTHDCKVLSAEYCFPEEWITCDFSPKIIFRDKVKLNPYFNKGRDYSLKGKLKKTVSVIYRAIRWYL
uniprot	GT6	GT6-Mix	tr|R5HJZ0|R5HJZ0_9SPIR	Brachyspira sp. CAG:484	1262759	Spirochaetes	Bacteria	291	9	205	ATGRYICFWKDFYKACEKYLLKNHEKTYFLFTDAELKKIPDNVVLVKHNCLGWPNETLLRFETFLKVEKELEKMDYIYFINGTMKPVSEVGDEILPTEEQGLMTVENQWRYKEEPDSYINYERNPESTAYIPYGTKHKDVMGGFNGGTSRAFLKMAHELAVNTRKDLDKGIIAVFHDESHLNKYILDKNVLILPPNY	MKIGILFIATGRYICFWKDFYKACEKYLLKNHEKTYFLFTDAELKKIPDNVVLVKHNCLGWPNETLLRFETFLKVEKELEKMDYIYFINGTMKPVSEVGDEILPTEEQGLMTVENQWRYKEEPDSYINYERNPESTAYIPYGTKHKDVMGGFNGGTSRAFLKMAHELAVNTRKDLDKGIIAVFHDESHLNKYILDKNVLILPPNYGILEFNPLWESSYNYWNKDNLEEFQKDIKMIILNKNSPRYGGFDYMRRLSDKKSFTVKDYFRGFFRKAFNFMKNKIMKPMLKKVKK
uniprot	GT6	GT6-Mix	tr|R5HLA7|R5HLA7_9SPIR	Brachyspira sp. CAG:484	1262759	Spirochaetes	Bacteria	285	11	220	VTGRYVCFWDEFYPSCEKYFLPDAQKKYFVFTDAEHLNFEENDNVLKIHQEKLGWPYDTMLRFDIFLKQKEALKEYDYIFFFNANTKFLNYVREEILPNEENDWLITGSHPAFYNKHPDEFTYDRNPESQAYIPYGAGKHYATGALNGGSGASFLEMCEELSRLTHIDMDNGVVPLWHDESMLNKYMLNKNPLIMPVNYLYPEERWMPRK	MGNKVAVLYIVTGRYVCFWDEFYPSCEKYFLPDAQKKYFVFTDAEHLNFEENDNVLKIHQEKLGWPYDTMLRFDIFLKQKEALKEYDYIFFFNANTKFLNYVREEILPNEENDWLITGSHPAFYNKHPDEFTYDRNPESQAYIPYGAGKHYATGALNGGSGASFLEMCEELSRLTHIDMDNGVVPLWHDESMLNKYMLNKNPLIMPVNYLYPEERWMPRKWYRNNPFKKDIKILSTDKTHPRYGGKEYLRGISDKKAKMPNPIFSVSYEDAKKVLRILGFKIRIV
uniprot	GT6	GT6-Mix	tr|W4UP70|W4UP70_9BACE	Bacteroides reticulotermitis JCM 10512	1445607	Bacteroidetes	Bacteria	263	10	213	TGKYSIFWKDFYLSAERYLMQSPAYTREYYVFTDSLKLYDEENNKHIHRIKQKNLGWPDNTLKRFHMFLQIKQQLLQETDFLIFCNANLLFKQNVGHEIIPQKGKNQFVGTIHPGFYNSHNYDFTYERRHNSKAYIPEGEGVHYYAGGFSGGYTKAYLQLCETIKSWVDIDKSNKIVAIWHDESHINRYFLKNPPLTLSPGYLY	MRIGILYICTGKYSIFWKDFYLSAERYLMQSPAYTREYYVFTDSLKLYDEENNKHIHRIKQKNLGWPDNTLKRFHMFLQIKQQLLQETDFLIFCNANLLFKQNVGHEIIPQKGKNQFVGTIHPGFYNSHNYDFTYERRHNSKAYIPEGEGVHYYAGGFSGGYTKAYLQLCETIKSWVDIDKSNKIVAIWHDESHINRYFLKNPPLTLSPGYLYPEGWSIPFEEIITIRDKNKEEYGGHILLRKKESWRNKILKIIKKTLFPLP
uniprot	GT6	GT6-Mix	tr|A0A060RA56|A0A060RA56_9BACT	Mucinivorans hirudinis	1433126	Bacteroidetes	Bacteria	997	11	236	TGLYNRFWEGFYESVNSNFCVDANKNFYLFTDDKDMVARKLPDNVFPQLIEDRGWVLNVMRRSEFFLSIEEKLKENDFVFNLNSNYRAIAPIYSGEILPEDSNDGVSALCFDFYIGQNPDNFAYDRNPNSSAYIPLGSGKYYFQGGFYGGCTTEFLNMSRHIKELTEIDISRKIVPRFHDESYLNRYLLNHNPRIIGTLYAVAEQWNPTADSKGLLLDKDKWFSKN	MITIGIIYISTGLYNRFWEGFYESVNSNFCVDANKNFYLFTDDKDMVARKLPDNVFPQLIEDRGWVLNVMRRSEFFLSIEEKLKENDFVFNLNSNYRAIAPIYSGEILPEDSNDGVSALCFDFYIGQNPDNFAYDRNPNSSAYIPLGSGKYYFQGGFYGGCTTEFLNMSRHIKELTEIDISRKIVPRFHDESYLNRYLLNHNPRIIGTLYAVAEQWNPTADSKGLLLDKDKWFSKNELENIKSLHTEPTLSFLIDDNLRSQPIAIINLQGGLGNQIFQYAMMVQLRKDFPNRRFYLNRSTLQMLECHQGYQLDYIFGVDSDMVVPENIIGQIAKIPSRYVRRIDEPLFCGYTPIKDSTHPVWLISGYRQSEKYFDDSVRENLIFDYTKLNEESKDLLEVIRKDKASVAIHIRRGDYVRDIRTYNLMGGICTKEYYSEAIKQFDADSNYYVFSDDIEWCKKNLPFPKALYISHNHGADSWQDMMLISACAHQVIANSSFSWWGAWLNDNLNKIVIAPESWFNNIKDKDLVPSSWRRIKTKQADKMYNDLTIVIPVRVDSAERLRNLNFVTDSLSKLDGIEIVILEADKHPKIEHIDNVRRIFVEDYNPLFYHTKYVNLLCSMVRREFIGVWDCDVIVPKRQIDEAITALRKGKADMFYPFDGRCYNVSNNVLEEYISTSDESILTSGSDRLSCIYGKHTCGGAFLANRNAFIEAGGDNEQFTGWGAEDLERYKRWEIRGYRVHRTEGAIYHLDHIRGANSRYYSAELKRSTLQALLESCREPGEFSDIYIPVFIFNLPQRDERREHIISQFALRPEFEPILIDACIHPIGAVGLWHSIVKAVMQAKKRGDDVIILCEDDHIFTENYSAISFIRNIVEAAEQGCDILMGGVGGFGTAVPVAYSRYWVDWFWCTQFVVVYAHSFDKILEYDFKDTDTADGVLSALFTRKLTLYPFISRQQDFGYSDITLNNNRENEMSRLFNNATMRLSVIDSVSKAYRI
uniprot	GT6	GT6-Mix	tr|A0A140E5M5|A0A140E5M5_9GAMM	Methylomonas denitrificans	1538553	Proteobacteria	Bacteria	257	12	212	TGKYYSFWEDFYNSSEKYFLSGIEKKYFVFTDSTKIIKSHNVEIIHQDNLGWPFNTLYRYRMFLRIGGELKNFDYIIFLNANCKFIDYISLTDFFGLNKNLVACIHPGFFNKDKSEFTYEKRKKSKAFIENGYYYFPGGIMGGDANIFLNICKSLNYDIEYDLNNGIIAIWHDESYWNAHLNNNYQEIKDDLHILSPSYLY	MTMKIGILYICTGKYYSFWEDFYNSSEKYFLSGIEKKYFVFTDSTKIIKSHNVEIIHQDNLGWPFNTLYRYRMFLRIGGELKNFDYIIFLNANCKFIDYISLTDFFGLNKNLVACIHPGFFNKDKSEFTYEKRKKSKAFIENGYYYFPGGIMGGDANIFLNICKSLNYDIEYDLNNGIIAIWHDESYWNAHLNNNYQEIKDDLHILSPSYLYPEGWSIPFEKKVILRDKSKYIDIKGIKETHQKQTSILKKIRLIFP
uniprot	GT6	GT6-Mix	tr|A0A0F5IUH3|A0A0F5IUH3_9BACT	Parabacteroides gordonii MS-1	1203610	Bacteroidetes	Bacteria	270	10	222	TGVYDFFWKSFYLSAERYFLQEYSWNREYFVFTDSPSIYGEFENEHIHRIHQENLGWPGNTMKRFEMFLSIRNQLEDQMDYLFFFNANMEFMCPVGEDILPTEKENGLVGALHTWYFDQHKWNCPYERRRMSFAFIPYWKGKHYFQGSLLGGTTAAFLKMCDTCNRWIDNDLKNNIVPIWHDESIINKYYLLHTPKVLDCRYNYCEIRNLPVE	MKIGILYICTGVYDFFWKSFYLSAERYFLQEYSWNREYFVFTDSPSIYGEFENEHIHRIHQENLGWPGNTMKRFEMFLSIRNQLEDQMDYLFFFNANMEFMCPVGEDILPTEKENGLVGALHTWYFDQHKWNCPYERRRMSFAFIPYWKGKHYFQGSLLGGTTAAFLKMCDTCNRWIDNDLKNNIVPIWHDESIINKYYLLHTPKVLDCRYNYCEIRNLPVEKKIMYKNKAKYFSFEDLKRPSYSTYPVMPGKNIIKILSRVKKVWKIIF
uniprot	GT6	GT6-Mix	tr|A0A0F5IUL0|A0A0F5IUL0_9BACT	Parabacteroides gordonii MS-1	1203610	Bacteroidetes	Bacteria	272	10	227	TGKYSIFWKKFYKSAERYLMQGYPCIREYYVFTDAPSVYGEKENGHIHRIYQENLGWPRNTLMRFHMFLRIKKQLERETDYLYFFNANMQFRVPVGKEFLPDDFSNGLVGCMFPWSYNETNLEFGYDRNPMSTAYIPEGEGDFYYAGALIGGKTEAFLKMSETILNNIQEDEKKGVIALWHDESHLNRYFMDNPPKCLTPAYCYPERWKSPFPEIIRL	MRIGILYICTGKYSIFWKKFYKSAERYLMQGYPCIREYYVFTDAPSVYGEKENGHIHRIYQENLGWPRNTLMRFHMFLRIKKQLERETDYLYFFNANMQFRVPVGKEFLPDDFSNGLVGCMFPWSYNETNLEFGYDRNPMSTAYIPEGEGDFYYAGALIGGKTEAFLKMSETILNNIQEDEKKGVIALWHDESHLNRYFMDNPPKCLTPAYCYPERWKSPFPEIIRLFDKNGSWGGYAYLRGEKAGVKDYLRSYKVKIKYMIMPFYRFVCRK
uniprot	GT6	GT6-Mix	tr|A0A0G0BR68|A0A0G0BR68_9BACT	Candidatus Nomurabacteria bacterium GW2011_GWE1_35_16	1618761	CandidatusNomurabacteria	Bacteria	526	10	218	TGKYSIFWKDFYLSMEERFITDSEKYYFVFTDSAELDFEKENPRVHRIYQENLGWPENTLMRFHVFLNKEKELEDMNYLFFFNANLIVLEKITADNFLPNENENLVATLHPGFYNKNRKKFTYENNKKSTAFISKDQGQYYFAGGLNGGKTTNFIEAMKVMRDNVDIDKKNNIIAKWHDESHWNRYVLNRTDVKILPPSYLYPEGWPLP	MRIGILYICTGKYSIFWKDFYLSMEERFITDSEKYYFVFTDSAELDFEKENPRVHRIYQENLGWPENTLMRFHVFLNKEKELEDMNYLFFFNANLIVLEKITADNFLPNENENLVATLHPGFYNKNRKKFTYENNKKSTAFISKDQGQYYFAGGLNGGKTTNFIEAMKVMRDNVDIDKKNNIIAKWHDESHWNRYVLNRTDVKILPPSYLYPEGWPLPFNPIILIRDKNKYGGHAILRSIKVNKFKVHFLKMKKIFHKFYNKYLEFKMVLFEFKKPTYSNLNKFNLKNTKFILITIAFNNVEIIKFQNEKVMENLKDDFSHIIVDNSSTKNVSGEIFKYCKINNIPYVKLPNNTFEKSPSKSHGKALNWAYRNIINKYEPAYFGFIDHDIIPFKETSITNYIKNGAWGLIQEREEKWYLWPGFCFFKFAEVRKYKMNFMPYRGLDTGGSNYHSLYKNINKNNILKIRQTYFDLDKNEKVTKFDTSENIVEVLDDWVHIMRTSNWNNQVSSKNSKFNEIIYIIKEKF
uniprot	GT6	GT6-Mix	tr|A0A139TN33|A0A139TN33_9BACT	Akkermansia sp. KLE1798	1574265	Verrucomicrobia	Bacteria	787	551	746	TGRYITFWKDFYAASKQYFLPGHDVRYFLFTDHDEVKTADDVTLVSKPFYPWPMETLRRFETFLSIEKELQEYDYIYFMNGTLLPVSPIGEEIFPNDRQGLAVTLHPGFYELPLSCYPYEKNGMSEARISPGQGEYYVAGGFNGGKAKDFLSMCQELAGAVKRDLDNGIIAVWHDESHINKYVIGRHPLVLGPEYL	MKCVLIVSSGEMAEGASELHRMGYELELYPSTRDLSSLKDTREKESAAFIGRDPCSAERSHVRSLRASFIQVLEDRRYAGNDLIIFGESDAVPMVASSRLETALRKEMEEHPETDIFRLFHHAVWSPQGNPFESDELLFEDFKTGGTDSNTAYVWGTHAMVIPSCKRKKVIQVFADYRLPTDVALEAANSSGELNIRVARHNLFYQHERTKKRPACRIAACLASYRRLADLQRQIWCMMDQSYENFHVFAAVKGIPETTYRKTVLPLFEHFIQEGRLTMRLFPNKNQLSNFLDTVRGLDISNYDLFAKIDDDDLYGRDYFKSVNDFHQHLPPEFSSYYCGFGQYLNNRGGYPLCGNGFFSCFGPTMVFSKDVLEKLITCEQEPGRISEIFPRLGHSGYGFTEDNLMHKLMIDTGSCNRIRYVQEMSLPMHLVIQTNNASVIRGGLVPGDFRGRNWHISTSRANAESLIEISHPQWYDIVRIFGGRACRFQRNDWADVLSLTDEEVTLKWDQWGTETFRRKEDGSFFLSENGNQQHSPSSRKRKVAVLYISTGRYITFWKDFYAASKQYFLPGHDVRYFLFTDHDEVKTADDVTLVSKPFYPWPMETLRRFETFLSIEKELQEYDYIYFMNGTLLPVSPIGEEIFPNDRQGLAVTLHPGFYELPLSCYPYEKNGMSEARISPGQGEYYVAGGFNGGKAKDFLSMCQELAGAVKRDLDNGIIAVWHDESHINKYVIGRHPLVLGPEYLFPETLVFNRYHLMGLKHRVKILVKDKSLSKYGGHAWLRKQS
uniprot	GT6	GT6-Mix	tr|A0A1C2BYZ9|A0A1C2BYZ9_9PORP	Macellibacteroides sp. HH-ZS	1857568	Bacteroidetes	Bacteria	260	10	203	TGRYNQFFDGFYKSAEKYLLHGYNNHYFIWTDDDYLADGLNNVTIFHKECAGFPADSLFRFEMFLQAEEELKKYDYVYFFNSNAMFLKPVDEEILPDETGLAMGIWRGIREHQHPMFYPYERNKRSLAYVEPYKSPYTYFMGGLNGGTAEKYLEMVFTLSKNIRDDYERGIIAKYHDESHINAYMRTHSCKIIS	MKIAILYICTGRYNQFFDGFYKSAEKYLLHGYNNHYFIWTDDDYLADGLNNVTIFHKECAGFPADSLFRFEMFLQAEEELKKYDYVYFFNSNAMFLKPVDEEILPDETGLAMGIWRGIREHQHPMFYPYERNKRSLAYVEPYKSPYTYFMGGLNGGTAEKYLEMVFTLSKNIRDDYERGIIAKYHDESHINAYMRTHSCKIISGDLNRPEESMTSETKMIFRKKTNIDPYFNKNRKFSKSARIKKACGIVWDIVRWYLKL
uniprot	GT6	GT6-Mix	tr|A0A1F8JKB9|A0A1F8JKB9_9BACT	Chlamydiae bacterium RIFCSPHIGHO2_12_FULL_49_11	1797603	Chlamydiae	Bacteria	231	14	228	IVATGKYIDFTPPLIESAEKYFCRGTPKRYFVFSDRTSELPKNAEIIEVRHFSWPFSTAMRNTFYVLHKERLKECDYLFAIDADMRFVSPIAKEEVLGTLVATQHPGFYRMRGSYESNSISKAFVAPNEGEYYFCGGFFGGKREEFIKLCQKTSDNFFEDLKKGFIAEWHDESHHNRYLIDYPPTKILSPAYCYPESWKLPFEKKLLALDKNHAE	MWCFAHEPTIGFCIVATGKYIDFTPPLIESAEKYFCRGTPKRYFVFSDRTSELPKNAEIIEVRHFSWPFSTAMRNTFYVLHKERLKECDYLFAIDADMRFVSPIAKEEVLGTLVATQHPGFYRMRGSYESNSISKAFVAPNEGEYYFCGGFFGGKREEFIKLCQKTSDNFFEDLKKGFIAEWHDESHHNRYLIDYPPTKILSPAYCYPESWKLPFEKKLLALDKNHAEFQK
uniprot	GT6	GT6-Mix	tr|A0A1F8JQI5|A0A1F8JQI5_9BACT	Chlamydiae bacterium RIFCSPHIGHO2_12_FULL_49_32	1797604	Chlamydiae	Bacteria	234	18	233	IVATGKYIQFVNPLITSARHWFCTDHHVVFFVFTDQEMQEEFDVIRIPVRHLGWPYATLMRFHMYAEYQEQFDCLDYIFAIDADALFVAPVGEEIFSDRVFTLHPGFVNRAGTYERNPLSAACVASHEGTFYFAGGFYGGSPKEFFRFVNTAKEKVDQDLAKGCIALWHDESHLNRYAIDYPPTLILTPSYCYPESWRLPYVKKILVLDKDHCAMR	MQEGFARDSTPKQIGLFIVATGKYIQFVNPLITSARHWFCTDHHVVFFVFTDQEMQEEFDVIRIPVRHLGWPYATLMRFHMYAEYQEQFDCLDYIFAIDADALFVAPVGEEIFSDRVFTLHPGFVNRAGTYERNPLSAACVASHEGTFYFAGGFYGGSPKEFFRFVNTAKEKVDQDLAKGCIALWHDESHLNRYAIDYPPTLILTPSYCYPESWRLPYVKKILVLDKDHCAMRN
uniprot	GT6	GT6-Mix	tr|A0A1F6NMG0|A0A1F6NMG0_9BACT	Candidatus Magasanikbacteria bacterium RIFOXYC12_FULL_33_11	1798701	CandidatusMagasanikbacteria	Bacteria	527	10	212	TGKYKIFWKDFYLSCEKHFISEVEKHYFVFTDSESIEFENENSRIHRVYQQNLGWPGNTLRRYEMFLKKKEELKKFDFLFFFNANLQFLEKITSDEFVPVGQEKLVACLHPGYYDKKKESFTYERNSKSTAFIPKGQGVYYFAGGINGGLSKDFIEAMEVMDENIKKDFHNNIIAVWHDESHWNYFLNNNIEDIKILDPSYLY	MKIGILYICTGKYKIFWKDFYLSCEKHFISEVEKHYFVFTDSESIEFENENSRIHRVYQQNLGWPGNTLRRYEMFLKKKEELKKFDFLFFFNANLQFLEKITSDEFVPVGQEKLVACLHPGYYDKKKESFTYERNSKSTAFIPKGQGVYYFAGGINGGLSKDFIEAMEVMDENIKKDFHNNIIAVWHDESHWNYFLNNNIEDIKILDPSYLYPEGGLLPFVPKILVRDKKILGGHTKLRDNFNFILYINEIKSYMKKLICKLKFEYIIKLKGGLGNQMFQYAHGRSLEFSGKKVIFDISFFENNKAKRDIARDFKLDNFNIDTRVKFVNKKNIYLDFVNKIKRKIGFSLEESFQGEKYFENIEDIIRKELTLKKELYEKVDKNLLNKILLSNSVSIHIRRTDYVTSKIANKVLGVCSLDYYKISISKIASLLDNPHFYIFSDDIEWVRSNLFMEYPFTYVSNGVYKDYEELVLMSSCKHNIIANSTFSWWAAWLNKNQNKIVVAPSKWFNDKTYSENNLVPKKWIRI
uniprot	GT6	GT6-Mix	tr|A0A1F4PJ37|A0A1F4PJ37_9BACT	candidate division TM6 bacterium RIFCSPHIGHO2_12_FULL_32_22	1802375	UnknownBacteria	Bacteria	241	18	231	IVATWKYISFIPPLLESARKYFVPEHNVSFFIFTDQYLTNSNDVKRLDATRKGWPHDTLMRYHEYLKYENEFKNMDYLFACDADILFTDHIGEEVLGNRVAIPHDVFLGRRGTYENSSKSSACVHNHEGVYYFSGAFVGGQRDSFLKMCKNIKQLIDVDLSKGIIAVHNDESYLNRELINNPPTIVLSTCYGWPDNREPRVKPKMLFLSKKHSE	MLCISIHAEKKYNIGVLIVATWKYISFIPPLLESARKYFVPEHNVSFFIFTDQYLTNSNDVKRLDATRKGWPHDTLMRYHEYLKYENEFKNMDYLFACDADILFTDHIGEEVLGNRVAIPHDVFLGRRGTYENSSKSSACVHNHEGVYYFSGAFVGGQRDSFLKMCKNIKQLIDVDLSKGIIAVHNDESYLNRELINNPPTIVLSTCYGWPDNREPRVKPKMLFLSKKHSEFQVPLKSRRR
uniprot	GT6	GT6-Mix	tr|A0A1N6DQ13|A0A1N6DQ13_9BACT	Chitinophaga niabensis	536979	Bacteroidetes	Bacteria	261	10	216	TGKYSIFWKDFYTSAEQYFVPGAEKAYFVFTDDADLPFKDAQNVHVHHQQKLGWPYDTLMRFSIFSRVEKELAAFDYIFFFNANTEFIKPITAAEILPTDAEDGLTVVLHPGYYNKPLKAFPYEKTQKKSTAYMPSNERHQYFQGCLNGGTGKAYLQLIRQLTENTQKDLDNGIIAIWHDESQLNKYVANKHPKVLTPGYAYPEGWD	MKIALLFICTGKYSIFWKDFYTSAEQYFVPGAEKAYFVFTDDADLPFKDAQNVHVHHQQKLGWPYDTLMRFSIFSRVEKELAAFDYIFFFNANTEFIKPITAAEILPTDAEDGLTVVLHPGYYNKPLKAFPYEKTQKKSTAYMPSNERHQYFQGCLNGGTGKAYLQLIRQLTENTQKDLDNGIIAIWHDESQLNKYVANKHPKVLTPGYAYPEGWDLPFEKAILMRDKGRFGGSDFMRQTTPEAPLNTFQLIIRKIKRLFS
uniprot	GT6	GT6-Mix	tr|A0A1B1S8K2|A0A1B1S8K2_9BACT	Muribaculum intestinale	1796646	Bacteroidetes	Bacteria	264	10	210	TGKYNQFFNDFYSSCESKFLKGRADKEYFVFTDDLSISNQKNVHLIERQCMGFPLDSLLRFEIFMTIKDKLLKFDYIFFFNSNALFVDSVGIELLPSNSEKLVGAEWPGKRKPFKHPMFYPYERNKNSAAYIAPYEKQPYLYYMGGLNGGEAKAYLNMISTLAQNIRRDYDAGIIARVHDESHINKYFRAHPCKILSPEYC	MKIAILYICTGKYNQFFNDFYSSCESKFLKGRADKEYFVFTDDLSISNQKNVHLIERQCMGFPLDSLLRFEIFMTIKDKLLKFDYIFFFNSNALFVDSVGIELLPSNSEKLVGAEWPGKRKPFKHPMFYPYERNKNSAAYIAPYEKQPYLYYMGGLNGGEAKAYLNMISTLAQNIRRDYDAGIIARVHDESHINKYFRAHPCKILSPEYCMPEEWITPEFTPKIIFRDKVKIDQYFNKGRSSSYGSKIKKSALIIKDALIWYLK
uniprot	GT6	GT6-Mix	tr|A0A1R0ZXP3|A0A1R0ZXP3_9BACL	Paenibacillus sp. FSL A5-0031	1920420	Firmicutes	Bacteria	359	133	329	TGKYSIFWENFYRSAEAYFLPGYQKNYYVFTDADHIVDEERSNILKIPQDNLGWPGNTLLRYAMFRNVLHQLQQECDFVFFFNANMQFVDVVREEILPMHEGIVAVQHPGFYNKARHELDYEKNQQSLAYIPEGEGSYYYMGGLNGGRTEHYTNLIRVLDENIRTDMNNGINAVWHDESHLNKYLIDKSPKVMNPSY	MLTKRKKSTAIKKTSVKKTLKTGGKLSSRKNKYGVKKGKRRGKTLKKGLRSGARGRKRSGPFHTGYEQGYREGHSKGFEDAHQESYMTNQGAVLSQAQPDSANASPYLTTQMPSEAEIASVAGSRIGILYICTGKYSIFWENFYRSAEAYFLPGYQKNYYVFTDADHIVDEERSNILKIPQDNLGWPGNTLLRYAMFRNVLHQLQQECDFVFFFNANMQFVDVVREEILPMHEGIVAVQHPGFYNKARHELDYEKNQQSLAYIPEGEGSYYYMGGLNGGRTEHYTNLIRVLDENIRTDMNNGINAVWHDESHLNKYLIDKSPKVMNPSYGYVEGQQLPFPMKILIRDKNNFGGHSFLRS
uniprot	GT6	GT6-Mix	tr|A0A1T0BBP9|A0A1T0BBP9_9PAST	[Haemophilus] felis	123822	Proteobacteria	Bacteria	287	13	213	ATGRYTVFWQEFYESMEKYFLPTEEKHYFIYTDSDLFFGKQTNKQKCIHIIHQEKLGWPYDTLMRFDIFLKAEKALEEMDYLFFFNANMKIVDYIYPQEFFNVSKPLVAVKHPGFVGVDKEKFTYDKNPDSLAYMEDGKGNYYFMGGLNGGEKNHYLRLIHQLKENIQQDLEKNIIALWHDESHINKYFFEHEPELLILSE	MSLKKKIGILYIATGRYTVFWQEFYESMEKYFLPTEEKHYFIYTDSDLFFGKQTNKQKCIHIIHQEKLGWPYDTLMRFDIFLKAEKALEEMDYLFFFNANMKIVDYIYPQEFFNVSKPLVAVKHPGFVGVDKEKFTYDKNPDSLAYMEDGKGNYYFMGGLNGGEKNHYLRLIHQLKENIQQDLEKNIIALWHDESHINKYFFEHEPELLILSEIYGTPEEDIANSFFKSLFVERKAKERGVKILIRNKSHVRYGGHNWLRGLSKRQSLKQCLLRGVWYLLKRGLSKF
uniprot	GT6	GT6-Mix	tr|A0A1T4WDI3|A0A1T4WDI3_9FIRM	Gemmiger formicilis	745368	Firmicutes	Bacteria	276	10	228	ATGRYTVFWPEFYESAEKYLLKDCEVHYFVFTDTATLPGDDNPRVHICAQEAYSWPFATLRRFEIFLKQEQALKAFDYIFFFNANAEFMQPVTREMLLPRAEKGEHLLVVQHPSFYAKPNYEFTYDRNPRSTACIPYGLGKYYVCGGVNGGEAAAFLQLCHTLDARIRRDLQRNVIALWHDESQINRYILFRKDFRVLTPAFCYPEGWDHLPFPCIIRI	MTKVAALYIATGRYTVFWPEFYESAEKYLLKDCEVHYFVFTDTATLPGDDNPRVHICAQEAYSWPFATLRRFEIFLKQEQALKAFDYIFFFNANAEFMQPVTREMLLPRAEKGEHLLVVQHPSFYAKPNYEFTYDRNPRSTACIPYGLGKYYVCGGVNGGEAAAFLQLCHTLDARIRRDLQRNVIALWHDESQINRYILFRKDFRVLTPAFCYPEGWDHLPFPCIIRIRSKARYIDIPALRKDAPETKLSPAVARWNHFAMRAARWTQNHIFKKGS
uniprot	GT6	GT6-Mix	tr|A0A1T4X4S8|A0A1T4X4S8_9FIRM	Gemmiger formicilis	745368	Firmicutes	Bacteria	282	11	223	TGPYAVFWHDFYPNFKANFLPDCDRIFYVFTDAAHIDYEDAPDVRRIYQKALPWPQSTMLRFDAFLGQADALQGYDYLFFANANLHCTRVIRADELLPDPAAGQSLTAVCHLPYYGKNPIFHPYDRSGKSRASIPYSCGQYYVAGGLNGGTAAAYLALCRELKKRTDEDLQNNVIARFHDESQLNRLVAETPGKFRILPPDYCTPEETPTGHE	MKTLAILYICTGPYAVFWHDFYPNFKANFLPDCDRIFYVFTDAAHIDYEDAPDVRRIYQKALPWPQSTMLRFDAFLGQADALQGYDYLFFANANLHCTRVIRADELLPDPAAGQSLTAVCHLPYYGKNPIFHPYDRSGKSRASIPYSCGQYYVAGGLNGGTAAAYLALCRELKKRTDEDLQNNVIARFHDESQLNRLVAETPGKFRILPPDYCTPEETPTGHEAILVLQKSRCINVESVKGAAKPQNFVQRKWEAFRLNWLPYLWLARDTLLRRRIDFKNDL
uniprot	GT6	GT6-Mix	tr|A0A1V1WBB2|A0A1V1WBB2_9ACTN	Nocardioides sp. PD653	393303	Actinobacteria	Bacteria	265	12	227	VIATGRYVEFVDQLLASAHEHVAGLHRLYVLSDRRPPDDPRIVWLPWGHIGWPYPTLLRYRAIAAHQDILRECDILVYSDVDMRFVASFDMTQIRGIFAVSHPGYVGATPDSLPYERNPASQAYVPVGSGLEYFAGGVQGGRAEIYLDACEQMAARVQEDLNAGIVPVWHDESIWNGWLIDHPPDLVLGSEYCTPETAAGPQSVLLALDKDHARLR	MSSETTRVGLIVIATGRYVEFVDQLLASAHEHVAGLHRLYVLSDRRPPDDPRIVWLPWGHIGWPYPTLLRYRAIAAHQDILRECDILVYSDVDMRFVASFDMTQIRGIFAVSHPGYVGATPDSLPYERNPASQAYVPVGSGLEYFAGGVQGGRAEIYLDACEQMAARVQEDLNAGIVPVWHDESIWNGWLIDHPPDLVLGSEYCTPETAAGPQSVLLALDKDHARLRGTPWQVRSVERLVRARRALRRRSRAAARVAARAWGRRR
uniprot	GT6	GT6-Mix	tr|A0A1X9Z5W1|A0A1X9Z5W1_9SPHI	Sphingobacteriaceae bacterium GW460-11-11-14-LB5	1986952	Bacteroidetes	Bacteria	240	10	205	TGKYAMFWDGFFQSMENYFLPKITKHYFVFTDQNIKIKPINKRVHLIEQKHLGWPFDTLLRFHMFYEIKDQLTKFDYVFFLNANMKCVAVIDETILPKKEDLIAVVHPGFHNQSRENFTYEENPKSLAYVERNRGKYYFMGGFNGGRSRAYIKLIEALAYRIEKDLKKGIIAVWHDESHLNRYLLHRLVKKLSPAY	MKIAILYICTGKYAMFWDGFFQSMENYFLPKITKHYFVFTDQNIKIKPINKRVHLIEQKHLGWPFDTLLRFHMFYEIKDQLTKFDYVFFLNANMKCVAVIDETILPKKEDLIAVVHPGFHNQSRENFTYEENPKSLAYVERNRGKYYFMGGFNGGRSRAYIKLIEALAYRIEKDLKKGIIAVWHDESHLNRYLLHRLVKKLSPAYGYPEGLALPFEKKILILNKNKLGGHDFLRSNFLAK
uniprot	GT6	GT6-Mix	tr|A0A1H1WY84|A0A1H1WY84_9ACTN	Marmoricola scoriae	642780	Actinobacteria	Bacteria	266	15	230	VIATGRYLSFLEPLLVSARRHVVGLDRVFVLSDLRPPDDPTVQWLPWGHLPWPYPTLLRYRAISAYRRVLEQTDVLLYVDVDMLFVGTFDVSATAGLVAVRHPGFAESSRAQLPYETDVRSRAFVPPELGTVYVAGGVQGGRAGDYLDACELMAEEVQLDLDGGIVPTWHDESVWNAFCARRPPDTLLSVHHCTPEKEVGPETLLVALDKDHDHFR	MSAATTAGPRVSLIVIATGRYLSFLEPLLVSARRHVVGLDRVFVLSDLRPPDDPTVQWLPWGHLPWPYPTLLRYRAISAYRRVLEQTDVLLYVDVDMLFVGTFDVSATAGLVAVRHPGFAESSRAQLPYETDVRSRAFVPPELGTVYVAGGVQGGRAGDYLDACELMAEEVQLDLDGGIVPTWHDESVWNAFCARRPPDTLLSVHHCTPEKEVGPETLLVALDKDHDHFREVPHLERARRRLLQQLQRVRAAVVRAVRPAVRVVRR
uniprot	GT6	GT6-Mix	tr|A0A1H8DGM1|A0A1H8DGM1_9BACT	Prevotella sp. ne3005	1761887	Bacteroidetes	Bacteria	670	11	222	TGRYAQFFNGFYESAEQYLLQGVEKHYFVFTDQEQLTKAANVELLIRPCKGFPEDSLFRFDRFLEIKEQLKDYDYTFFFNANMRFVAPVGEELLEAPLTAVLHPGYYDKPEWRYPYERNQQSKAYIPAHETDYHYYMGSLNGGRTEDYLALAETCSQHIHEDWEKGIVACYHDESHLNHYLRQHPCKALSPAYAYIEGEDMPFEPKIILIDK	MKKIAILYICTGRYAQFFNGFYESAEQYLLQGVEKHYFVFTDQEQLTKAANVELLIRPCKGFPEDSLFRFDRFLEIKEQLKDYDYTFFFNANMRFVAPVGEELLEAPLTAVLHPGYYDKPEWRYPYERNQQSKAYIPAHETDYHYYMGSLNGGRTEDYLALAETCSQHIHEDWEKGIVACYHDESHLNHYLRQHPCKALSPAYAYIEGEDMPFEPKIILIDKTKLDPYFDKGRDHSLWGRMKKGIGIVASATLWSMTERVAKMGIQILCTFIIAQFVAPSEFGLVSMMSIFLAFSTILIDSGFSQALIHEQNVTRQDESSIFWFNIVLGLLIYGCFWLAAPLIADFYNESQLTVLIRVAFLALIFQSLIVVQQGLLFKSVNFKAVSKISFWAVLLSGVAGIAVSYVRRDVWGLIVQNLSFAILQTIFFWIYSRWRPTLMFSTKCVRKYLRFSMNLLGSNMLAAITDNLANLFVGKAYNATILGHYTMANKIPYLTSGTVSYSIKRVSYSIMSTFQNDNEQLAIYSQRVVGTAFWILAPIMILMFVLAEPFIAWLFPEEWAPAAVYLRFFCVIGFVYCFSDINQDILLVKGRTDLLLRLDIIRRTILVILLVIGVQFSIETLLWLLVAYNILNGLAVSWLAGRLIGCGLGRQLSIVAGTPLYYLTNLRKIR
uniprot	GT6	GT6-Mix	tr|A0A1H7YHJ4|A0A1H7YHJ4_9SPHI	Pseudosphingobacterium domesticum	407022	Bacteroidetes	Bacteria	271	11	206	TGRYSIFWKDFYKSAKSKLFANSSLEFFVFTDQDIDVSTNDVHLIYQEKMGWPYDTLMRFHLFSKIKDELKHFDYIFFMNANLIVEKEISSSLLPDKEDLFGVIHPGFYNKDPAEFTYERNSKSTAYIPQGKGHHYFMGGFNGGKSSAFIQLIEQLSSNIQMDLDNNIIAIWHDESHLNRYFLDHQERLKIVGPEY	MKKVAVLYICTGRYSIFWKDFYKSAKSKLFANSSLEFFVFTDQDIDVSTNDVHLIYQEKMGWPYDTLMRFHLFSKIKDELKHFDYIFFMNANLIVEKEISSSLLPDKEDLFGVIHPGFYNKDPAEFTYERNSKSTAYIPQGKGHHYFMGGFNGGKSSAFIQLIEQLSSNIQMDLDNNIIAIWHDESHLNRYFLDHQERLKIVGPEYGYPQGWNLPLERKITILDKTKFGGHSFLRNEKQELNLSNRSTSISKGGMPKQGLIDKIFRYFRKK
uniprot	GT6	GT6-Mix	tr|A0A2N2F6E9|A0A2N2F6E9_9BACT	Candidatus Dependentiae bacterium HGW-Dependentiae-1	2013760	UnknownBacteria	Bacteria	303	48	271	ATGRYINMANELIASAHKYFCKNHEVTYFVFTDGEPRADIQTGGSSIAGAVSDLDQHAKIVKINWAQQGWPYDTLMRFYAYHQNKDTLADMDYLYAVDADMLFVAPVGDEILSDLVGARHSQLMFKRGIYDTNPLSTACVNRHEGTHYFVGAFYGGKREEFFKLLDTVTENITTDLSRGVIARVHDESHLNRYFIDHEPTLVLSPSYCHFEAWPSPYPKKLIAF	MNQAKKVGVFLTVWLGLVGALIYAQYVKQGESPREAISRKKIGLLITATGRYINMANELIASAHKYFCKNHEVTYFVFTDGEPRADIQTGGSSIAGAVSDLDQHAKIVKINWAQQGWPYDTLMRFYAYHQNKDTLADMDYLYAVDADMLFVAPVGDEILSDLVGARHSQLMFKRGIYDTNPLSTACVNRHEGTHYFVGAFYGGKREEFFKLLDTVTENITTDLSRGVIARVHDESHLNRYFIDHEPTLVLSPSYCHFEAWPSPYPKKLIAFDRPIHSDNKVRKHAKISPLAYLQKILKEEVRG
uniprot	GT6	GT6-Mix	tr|A0A2I7N555|A0A2I7N555_9NEIS	Neisseriaceae bacterium DSM 100970	2052837	Proteobacteria	Bacteria	260	10	210	TGKYDVFWSEFYDSCKKMFCPEQEKHFFVFTDSPRIHGDEHVSIIYQDNLGWPFNTLYRYKMFLRIEEQLLNFDKVVFFNGNCVFVDNVEFNEFFGVESKLLACLHPGFFDKKHEEYTYEKRETSTAFVIKPWKYFAGGINGGDSRLFLEMCHKISENIEIDLNNGIVALWHDESHWNSLLNNERSLIEPILHILSPAYLY	MKIAILYICTGKYDVFWSEFYDSCKKMFCPEQEKHFFVFTDSPRIHGDEHVSIIYQDNLGWPFNTLYRYKMFLRIEEQLLNFDKVVFFNGNCVFVDNVEFNEFFGVESKLLACLHPGFFDKKHEEYTYEKRETSTAFVIKPWKYFAGGINGGDSRLFLEMCHKISENIEIDLNNGIVALWHDESHWNSLLNNERSLIEPILHILSPAYLYPNGWEIPFLAKIRLRDKNNYGGHGFLRGERNMESRVKRFLKFMAGKFKCR
uniprot	GT6	GT6-Mix	tr|A0A2H9SLN5|A0A2H9SLN5_9BACT	Parachlamydia sp.	2052048	Chlamydiae	Bacteria	251	29	248	VMATGKYITFVPPLVASADKYFCKNHDVTYFVFTDGQFDVVPNKVVPIFHPRMGWPFDTMMRNHVYEMNSDAFADQDYLYACDADMLFVGNVGDEILGKRMATEHPGFYGKNRKVFSFETNPLSKAYIAPNEGTKYFCGGFFGGEREAFLDIVRTTSERVDEDLANDIVAVWHDESHWNRYCIDYPPTVILTPSYCFPQGSKLPFVPKLIALNKNHQDMR	MNSKCVRILITLLLLSSPSLYAAKVGLLVMATGKYITFVPPLVASADKYFCKNHDVTYFVFTDGQFDVVPNKVVPIFHPRMGWPFDTMMRNHVYEMNSDAFADQDYLYACDADMLFVGNVGDEILGKRMATEHPGFYGKNRKVFSFETNPLSKAYIAPNEGTKYFCGGFFGGEREAFLDIVRTTSERVDEDLANDIVAVWHDESHWNRYCIDYPPTVILTPSYCFPQGSKLPFVPKLIALNKNHQDMRFND
uniprot	GT6	GT6-Mix	tr|A2BIR9|A2BIR9_DANRE	Danio rerio	7955	Chordata	Metazoa	342	107	339	TIFALGKYTIFLKDFLESAEQHFFVGFRVHYYVFTDHPEQVPDVKLGEEHELTVMTVNSLSRWQEMSLGRMKRLELLIESGLVNDADYLFSLDVDTKFYGRWGAESLGDLIGVIHAWFYYTPREQFPYERRPESQAFVPYSEGDYYYGGAVLGGSVKQVYQLAKTCREQLDIDAAKSIEAAWQEESHLNKYFIYNKPSKLLSPEYSWDDKRGTPREMKMVRFSQVPKNYDEVR	MKLQSVNAFLIMFAGTVVIGLFYFGFTSPSLRYIEQRLCLNKTKKSRENALLQSPQGFIYKQPSVVGPDGKVGPLTPWLAPIVSEGSFDPTLIDAIYKQQNITVATTIFALGKYTIFLKDFLESAEQHFFVGFRVHYYVFTDHPEQVPDVKLGEEHELTVMTVNSLSRWQEMSLGRMKRLELLIESGLVNDADYLFSLDVDTKFYGRWGAESLGDLIGVIHAWFYYTPREQFPYERRPESQAFVPYSEGDYYYGGAVLGGSVKQVYQLAKTCREQLDIDAAKSIEAAWQEESHLNKYFIYNKPSKLLSPEYSWDDKRGTPREMKMVRFSQVPKNYDEVRPNT
uniprot	GT6	GT6-Mix	tr|A2CED1|A2CED1_DANRE	Danio rerio	7955	Chordata	Metazoa	342	107	339	TIFALGKYTVFLKDFLESAEQHFFVGFRVHYYVFTDHPEQVPDVKLGEEHELTVMTVNSSSRWQDMSLGRMKRLEMLIESGLVNDADYLFSLDVDTKFYGRWGAETLGDLIGVIHAWYYYTPREQFPYERRPESQAFIPYSEGDYYYGGAVLGGSVKCVYQLAKTCREQLDIDAAKSIEAAWQEESHLNKYFLYNKPSKLLSPEYSWDDKKSKPDQIKIIRYSHIPKNYADVR	MKLQSVNAFLLMFAGTVVIGLFYLGVTSPSIRHIEQRFCLNITKKSSENVLLQSPQGLKYNQPSVLGPDGKVGPLAPWLAPIVSEGSFDPTLIDAIYKQQNITVATTIFALGKYTVFLKDFLESAEQHFFVGFRVHYYVFTDHPEQVPDVKLGEEHELTVMTVNSSSRWQDMSLGRMKRLEMLIESGLVNDADYLFSLDVDTKFYGRWGAETLGDLIGVIHAWYYYTPREQFPYERRPESQAFIPYSEGDYYYGGAVLGGSVKCVYQLAKTCREQLDIDAAKSIEAAWQEESHLNKYFLYNKPSKLLSPEYSWDDKKSKPDQIKIIRYSHIPKNYADVRPNK
uniprot	GT6	GT6-Mix	tr|A2CED6|A2CED6_DANRE	Danio rerio	7955	Chordata	Metazoa	349	114	346	TVFALGKYTVFLKEFLESAEQNYFVGFHVHYYIFTDHPEEVPDVKLGEGHQLTVMTVDSSNRWQEMTLRRMERLEKLIESRLVKEADYVFSLDVDTKFYARWGAETLGRLVGVLHPGYYQTPREQFPYERRPESQAFIPYSDGDYYYGGAVLGGAVKDVYEVAKTCREQLDIDAAKSIEAAWQEESHLNKYFVYNKPSKLLSPEYLWQDFKPQTNEVKIIRFSQVIKNYAAVR	MNGDDTFKKRTRLNPVILVFFGSLVSGLIYLGYTSSSIRFKVQRFCFNITKEHQESVLLQLPQGLSFNQPSVVGPDGKIVPVTPWLAPIVWEGTFDPTLIDSVYKQQNVTIATTVFALGKYTVFLKEFLESAEQNYFVGFHVHYYIFTDHPEEVPDVKLGEGHQLTVMTVDSSNRWQEMTLRRMERLEKLIESRLVKEADYVFSLDVDTKFYARWGAETLGRLVGVLHPGYYQTPREQFPYERRPESQAFIPYSDGDYYYGGAVLGGAVKDVYEVAKTCREQLDIDAAKSIEAAWQEESHLNKYFVYNKPSKLLSPEYLWQDFKPQTNEVKIIRFSQVIKNYAAVRPNP
uniprot	GT6	GT6-Mix	tr|B0R0W5|B0R0W5_DANRE	Danio rerio	7955	Chordata	Metazoa	301	66	298	TVFALGKYTVFLKDFMESAEQNYFVGFHVHYYIFTDHPEEVPDVKLGEGHQLTVMTVGSSNRWQEMTLRRMERLEKLIESRLVNEADYVFSLDVDSKFYARWGVETLGRLVGAIHPGYFKAQREHLPYERRPESQAFIPYSDGDYYYGGAVLGGAVKDVYEVAKTCREQLDIDAAKSIEAAWQEESHLNKYFLYNKPSKLLSPEYLWQAHLPQPKEVKIIRSCHVIKNYAAVR	MGHKYPESAGLRLPEGLSYNQSSVVGPDGKVAHVTPWLAPIVWEGTFDPTLIDPVYKQQNITIATTVFALGKYTVFLKDFMESAEQNYFVGFHVHYYIFTDHPEEVPDVKLGEGHQLTVMTVGSSNRWQEMTLRRMERLEKLIESRLVNEADYVFSLDVDSKFYARWGVETLGRLVGAIHPGYFKAQREHLPYERRPESQAFIPYSDGDYYYGGAVLGGAVKDVYEVAKTCREQLDIDAAKSIEAAWQEESHLNKYFLYNKPSKLLSPEYLWQAHLPQPKEVKIIRSCHVIKNYAAVRPNP
uniprot	GT6	GT6-Mix	tr|B0R0W7|B0R0W7_DANRE	Danio rerio	7955	Chordata	Metazoa	316	81	313	TVFALGKYTRFLKDFLESAEEHYFDGFRVHYYLFTDQPEAVPEVKMGENHRLTVRKVPSLDRWQDISMGRMEILEKLIADELMHEANYIFCLDVDTKFYGSWGSETLGNLVGVIHPWFFDYPRESFTYERRPESKAFIAIGEGDYYYTAAAFGGTLEEIHRLTKTCREQLNADHENSIEAIWHEESHLNKYFLYNKPTKLLSPEYLWRDINISAGQIRIVRFSHVAKNNAEVR	MRIRQSSNFFLLGVTAGLTLTGLIFFGYTTIWFRSQQMDNFGRTDVVTLTPWLAPVVWTGTFDSKLIDSIYKHQNITVATTVFALGKYTRFLKDFLESAEEHYFDGFRVHYYLFTDQPEAVPEVKMGENHRLTVRKVPSLDRWQDISMGRMEILEKLIADELMHEANYIFCLDVDTKFYGSWGSETLGNLVGVIHPWFFDYPRESFTYERRPESKAFIAIGEGDYYYTAAAFGGTLEEIHRLTKTCREQLNADHENSIEAIWHEESHLNKYFLYNKPTKLLSPEYLWRDINISAGQIRIVRFSHVAKNNAEVRPNL
uniprot	GT6	GT6-Mix	tr|B0S7I1|B0S7I1_DANRE	Danio rerio	7955	Chordata	Metazoa	304	69	301	TVFALGKYTVFLKDFLESAERYYFVGFRVHYYVFTDHPEQVPVVKLGVERKLTVMTVKSSNRWQEMTLRRMERVEKLIESRLVKEADYVFSLDVDTKFYGRWGAETLGDLIGVIHPGYYHTRREQFPYERRPESQAFIPYSEGDYYYCGAVLGGKVKDVHEVAKTCREQLDIDAAKSIEAAWQEESHLNKYLLYNKPSKLLSPEYMWQDLVPQANRVKIIRFSQVIKNYADVR	MKLKVLSLLILTGFCLTGLLYLGFTSGWINPYSQAELTPWLAPIVWEGTFDPKLIDSIYKKQNITVATTVFALGKYTVFLKDFLESAERYYFVGFRVHYYVFTDHPEQVPVVKLGVERKLTVMTVKSSNRWQEMTLRRMERVEKLIESRLVKEADYVFSLDVDTKFYGRWGAETLGDLIGVIHPGYYHTRREQFPYERRPESQAFIPYSEGDYYYCGAVLGGKVKDVHEVAKTCREQLDIDAAKSIEAAWQEESHLNKYLLYNKPSKLLSPEYMWQDLVPQANRVKIIRFSQVIKNYADVRPNP
uniprot	GT6	GT6-Mix	tr|F1QJ68|F1QJ68_DANRE	Danio rerio	7955	Chordata	Metazoa	332	97	329	TVFALGKYTRFLKDFLESAEEHYFVGFGVHYYLFTDQPEAVPEVKMGKNHRLTVRKVPSLDRWQDISMGRMEILEKLIADELMHEANYIFCLDVDTKFYGRWGSETLGNLVGVIHPWLFDYPRESFTYERRPESKAFIPVGEGDYYYTAAAFGGTLEEIHRLTKTCREQLNADHENSIEAIWHEESHLNKYFLYNKPTKLLSPEYLWRDINISAGQIKIIRFSHVAKNNAEVR	NSCYMHIYSVYLLFSASCLGKSFFFSCVLNTVGIWSYLDRVDVKKMKYDLFLFQATFNRADVVSLSPWLAPIIWEGTFNPTLIDSIYKQHNITIATTVFALGKYTRFLKDFLESAEEHYFVGFGVHYYLFTDQPEAVPEVKMGKNHRLTVRKVPSLDRWQDISMGRMEILEKLIADELMHEANYIFCLDVDTKFYGRWGSETLGNLVGVIHPWLFDYPRESFTYERRPESKAFIPVGEGDYYYTAAAFGGTLEEIHRLTKTCREQLNADHENSIEAIWHEESHLNKYFLYNKPTKLLSPEYLWRDINISAGQIKIIRFSHVAKNNAEVRPNA
uniprot	GT6	GT6-Mix	tr|F1NUX2|F1NUX2_CHICK	Gallus gallus	9031	Chordata	Metazoa	343	110	342	TAFAVGKYTRFVSRFLKSAEMHFMKGYRVNYYIFTDNPEMIPDVQLQPGRRFDVVHIKKYSSWQEISVRRMEAINLHIAERSHREVDYLFCLDIDMVFHNAWGAETLGDMVAAIHPGYFNVPRSQFPYERRSSSAAYIPDGEGDFYYGGAVFGGLVKKVYEFTKICHMTILADKANGIMAAWQEESHLNRHFLTHKPSKLLSPEYLWDDRKPKPPEIFLIRFSTVDKNYQEVR	MISRKALGSLVCLSAVATLIWIASGNWKVHYLPYYLPCPGIFSKKLQYLGDKPVQLFPQLFYQQPRVLAPKRQDVLTVTPWLAPIVWEGTFSPEILDSAYMPLNLTIGVTAFAVGKYTRFVSRFLKSAEMHFMKGYRVNYYIFTDNPEMIPDVQLQPGRRFDVVHIKKYSSWQEISVRRMEAINLHIAERSHREVDYLFCLDIDMVFHNAWGAETLGDMVAAIHPGYFNVPRSQFPYERRSSSAAYIPDGEGDFYYGGAVFGGLVKKVYEFTKICHMTILADKANGIMAAWQEESHLNRHFLTHKPSKLLSPEYLWDDRKPKPPEIFLIRFSTVDKNYQEVRN
uniprot	GT6	GT6-Mix	sp|Q5ZLK4|GBGT1_CHICK	Gallus gallus	9031	Chordata	Metazoa	343	110	342	TAFAVGKYTRFVSRFLKSAEMHFMKGYRVNYYIFTDNPKMIPDVQLQPGRRFDVVHIKKYSSWQEISVRRMEAINLHIAERSHREVDYLFCLDIDMVFHNAWGAETLGDMVAAIHPGYFNVPRSQFPYERRSSSAAYIPDGEGDFYYGGAVFGGLVKKVYEFTKICHMTILADKANGIMAAWQEESHLNRHFLTHKPSKLLSPEYLWDDRKPKPPEIFLIRFSTVDKNYQEVR	MISRKALGSLVCLSAVATLIWIASGNWKVHYLPYYLPCPGIFSKKLQYLGDKPVQLFPQLFYQQPRVLAPKRQDVLTVTPWLAPIVWEGTFSPEILDSAYMPLNLTIGVTAFAVGKYTRFVSRFLKSAEMHFMKGYRVNYYIFTDNPKMIPDVQLQPGRRFDVVHIKKYSSWQEISVRRMEAINLHIAERSHREVDYLFCLDIDMVFHNAWGAETLGDMVAAIHPGYFNVPRSQFPYERRSSSAAYIPDGEGDFYYGGAVFGGLVKKVYEFTKICHMTILADKANGIMAAWQEESHLNRHFLTHKPSKLLSPEYLWDDRKPKPPEIFLIRFSTVDKNYQEVRN
uniprot	GT6	GT6-Mix	sp|Q8VI38|GBGT1_MOUSE	Mus musculus	10090	Chordata	Metazoa	347	114	346	TVFAVGKYTCFIQRFLESAEEFFMRGYQVHYYLFTHDPTAVPRVPLGPGRLLSIIPIQGYSRWEEISMRRMETINKHIAKRAHKEVDYLFCVDVDMVFRNPWGPETLGDLVAAIHPGYFAVPRRKFPYERRQVSSAFVADNEGDFYYGGALFGGRVARVYEFTRACHMAILADKANSIMAAWQEESHLNRHFIWHKPSKVLSPEYLWDERKPRPRSLKMIRFSSVKKNANWLR	MTRPRLAQGLAFFLLGGTGLWVLWKFIKDWLLVSYIPYYLPCPEFFNMKLPFRKEKPLQPVTQLQYPQPKLLEHGPTELLTLTPWLAPIVSEGTFDPELLKSMYQPLNLTIGVTVFAVGKYTCFIQRFLESAEEFFMRGYQVHYYLFTHDPTAVPRVPLGPGRLLSIIPIQGYSRWEEISMRRMETINKHIAKRAHKEVDYLFCVDVDMVFRNPWGPETLGDLVAAIHPGYFAVPRRKFPYERRQVSSAFVADNEGDFYYGGALFGGRVARVYEFTRACHMAILADKANSIMAAWQEESHLNRHFIWHKPSKVLSPEYLWDERKPRPRSLKMIRFSSVKKNANWLRT
uniprot	GT6	GT6-Mix	tr|M3YLX5|M3YLX5_MUSPF	Mustela putorius furo	9669	Chordata	Metazoa	337	114	337	TVFAVGKYTRFVQPFLESAERFFMQGYRVRYYIFTNDPAAIPQVPLGPGRLLSTIPIQKQARREEISMRRMEQISRHIAERAHWEVDYIFCLNVDMVFRNPWGPETLGDLVAAIHPGYYAVPRQQFPYERRHISTAFVADGEGDFYYGGAVFGGRVASVYEFTRGCHMAILADKANGIMAAGQEESHLNRRFLSHKPSKVLSPEYLWDSRKPQPPSLKLIRFST	MRCRRLALGLGFCLLLGTALCFLWVYVENWLPFSYVPYYLPCPEIFNMQLQYKGEKPFQPVTRSLYPQPKLLEQRPAELLALTPWLAPIVSEGTFNPELLHHIYQPLNLTIGVTVFAVGKYTRFVQPFLESAERFFMQGYRVRYYIFTNDPAAIPQVPLGPGRLLSTIPIQKQARREEISMRRMEQISRHIAERAHWEVDYIFCLNVDMVFRNPWGPETLGDLVAAIHPGYYAVPRQQFPYERRHISTAFVADGEGDFYYGGAVFGGRVASVYEFTRGCHMAILADKANGIMAAGQEESHLNRRFLSHKPSKVLSPEYLWDSRKPQPPSLKLIRFST
uniprot	GT6	GT6-Mix	tr|H2LXF1|H2LXF1_ORYLA	Oryzias latipes	8090	Chordata	Metazoa	220	1	210	ETYFLPDQMITYYILTDNPRSLDPAIELGLERQIKVIPIAEVPGWDRLYHRRMALVADTIKNTARSEVEYIFCADVDQAFVGPVGEEILGDLVATLHPELFGMPRSSFPYEATEESSAYVEENEGDYYYSSELYGGLVSEVYKLARMCSLLILQDRANKVTPRGLEESYLNRYLIDHRPTRVLSPEYSWWDSTLAGRVPRQRLISIGRQY	ETYFLPDQMITYYILTDNPRSLDPAIELGLERQIKVIPIAEVPGWDRLYHRRMALVADTIKNTARSEVEYIFCADVDQAFVGPVGEEILGDLVATLHPELFGMPRSSFPYEATEESSAYVEENEGDYYYSSELYGGLVSEVYKLARMCSLLILQDRANKVTPRGLEESYLNRYLIDHRPTRVLSPEYSWWDSTLAGRVPRQRLISIGRQYFKYNLTKATS
uniprot	GT6	GT6-Mix	tr|H2M2S0|H2M2S0_ORYLA	Oryzias latipes	8090	Chordata	Metazoa	358	121	356	IFAVGKYVKYTGFLKGFLETGEKHFLTDFRVTYYIFTDNEKEVPAIALGKGRKITVLPVPSAKRWQEVVFGRMKWATITIDKQIRNEADYLFLMDVDSLFHNRIGAESFSRLSAVLHRGYYKNTERANFPYERHPESRAYIPVGEGDYYYTAAVLGGYLEDIYNLVRYCYEQSEEDSKNKIEAVWQEESHLNKYLLYNKPTKVLSPEYLWSDYDAVPADIKVVRISQLKKNYAEVR	LNDFLSLLSGNTKHLHILLVPLLFLIATEKSLYNLGKINGDSKIRGLFLTAVELLYLKQPNELKQICFFRLIYPQPSTQKGRTDVNCVTNWNVPLVWEGTFDPIVIDAIYKKTNPRVGVMIFAVGKYVKYTGFLKGFLETGEKHFLTDFRVTYYIFTDNEKEVPAIALGKGRKITVLPVPSAKRWQEVVFGRMKWATITIDKQIRNEADYLFLMDVDSLFHNRIGAESFSRLSAVLHRGYYKNTERANFPYERHPESRAYIPVGEGDYYYTAAVLGGYLEDIYNLVRYCYEQSEEDSKNKIEAVWQEESHLNKYLLYNKPTKVLSPEYLWSDYDAVPADIKVVRISQLKKNYAEVRPN
uniprot	GT6	GT6-Mix	tr|A0A2I3H5A9|A0A2I3H5A9_NOMLE	Nomascus leucogenys	61853	Chordata	Metazoa	342	114	341	TVFAVGKYTHFIQSFLESAEEFFMRGYRLHYYIFTDNPAAVPGVPLGPHRLLSTIPIQEETSTRRTETISQHVAKRAHREVDYVFCLDVDMVFQNPWGPETLGDLVAAIHPSYYAIPRQQFPYERRRVSTAFVADSEGDFYYGGAVFGGQVARVYEFTRGCHMAILADKANGIMAAWREESHLNRRFISNKPSKVLSPEYLWDDRKPQPPSLKLIRFSTLDKDISCLR	MHRRRLALGLGFCLLAGISLSVLWVYLENWLPVSYVPYYLPCPEIFNMKLHYKREKPLQPVVWSQYPQPKLLEHRPTQLLTLTPWLAPIVSEGTFNPELLQHIYQPLNLTTGVTVFAVGKYTHFIQSFLESAEEFFMRGYRLHYYIFTDNPAAVPGVPLGPHRLLSTIPIQEETSTRRTETISQHVAKRAHREVDYVFCLDVDMVFQNPWGPETLGDLVAAIHPSYYAIPRQQFPYERRRVSTAFVADSEGDFYYGGAVFGGQVARVYEFTRGCHMAILADKANGIMAAWREESHLNRRFISNKPSKVLSPEYLWDDRKPQPPSLKLIRFSTLDKDISCLRS
uniprot	GT6	GT6-Mix	tr|G3IIN1|G3IIN1_CRIGR	Cricetulus griseus	10029	Chordata	Metazoa	278	45	277	TVFAVGKYTCFIRPFLESAEKFFMRGYQVHYYLFTHNPAAVPRVLLGPGRLLSIIPIQGHSQWEEISMRRMETINKHIANRAHQEVDYLFCLDVDMVFHNPWGPETLGDLVAAIHPGYFAVSRQQFPYERRQLYAAFVADNEGDFYYGGAVFGGRVARVYEFTRGCHMGILADKANGIMAAWQEESHLNRHFIWHKPSKVLSPEYLWDDRKPQPPSLKLIRFSTVEKDNSWLR	MLLEHRPTELLTLTPWLAPIISEGTFNPELLQNMYQPLNLTIGVTVFAVGKYTCFIRPFLESAEKFFMRGYQVHYYLFTHNPAAVPRVLLGPGRLLSIIPIQGHSQWEEISMRRMETINKHIANRAHQEVDYLFCLDVDMVFHNPWGPETLGDLVAAIHPGYFAVSRQQFPYERRQLYAAFVADNEGDFYYGGAVFGGRVARVYEFTRGCHMGILADKANGIMAAWQEESHLNRHFIWHKPSKVLSPEYLWDDRKPQPPSLKLIRFSTVEKDNSWLRS
uniprot	GT6	GT6-Mix	tr|G3QLN1|G3QLN1_GORGO	Gorilla gorilla gorilla	9595	Chordata	Metazoa	347	114	346	TVFAVGKYTHFIQSFLESAEEFFMRGYRVHYYIFTDNPAAVPGVPLGPHRLLSSIPIQGHSHWEETSMRRMETISQHIAKRAHQEVDYLFCLDVDMVFRNPWGPETLGDLVAAIHPSYYAVPRQQFPYERRRVSTAFVADSEGDFYYGGAVFGGQVARVYEFTRGCHMTILADKANGIMAAWREESHLNRRFISNKPSKVLSPEYLWDDRKPQPPSLKLIRFSTLDKDISCLR	MHRRRLALGLGFCLLAGTSLSVLWVYLENWLPVSYVPYYLPCPEIFNMKLHYKREKPLQPVVWSQYPQPKLLEHRPTQLLTLTPWLAPIVSEGTFNPELLQHIYQPLNLTTGVTVFAVGKYTHFIQSFLESAEEFFMRGYRVHYYIFTDNPAAVPGVPLGPHRLLSSIPIQGHSHWEETSMRRMETISQHIAKRAHQEVDYLFCLDVDMVFRNPWGPETLGDLVAAIHPSYYAVPRQQFPYERRRVSTAFVADSEGDFYYGGAVFGGQVARVYEFTRGCHMTILADKANGIMAAWREESHLNRRFISNKPSKVLSPEYLWDDRKPQPPSLKLIRFSTLDKDISCLRS
uniprot	GT6	GT6-Mix	tr|H2PTT8|H2PTT8_PONAB	Pongo abelii	9601	Chordata	Metazoa	345	113	344	TVFAVGKYTHFIQSFLESAEEFFMRGYRVHYYIFTDNPAAVPGVPLGPHRLLSTIPIQGHSHWEETSMRRMETISQHIAKRAHQEVDYLFCLDVDMVFRNPGGPETLGDLVAAIHPSYYAVPHQQFPYERRRVSTAFVADSEGDFYYGGAVFGGQVARVYEFTRGCHVAILADKANGIMAAWREESHLNRRFISNKPSKVLSPEYLWDDRKPQPPLKLIRFSTLDKDISCLR	MHRRRLALGLGFCLLAGTSLSVLVYLENWLPVFYVPYYLPCPEIFNMKLHYKREKPLQPVVWSQYPQPKLLEHRPTQLLTLTPWLAPIVSEGTFNPELLQHIYQPLNLTIGVTVFAVGKYTHFIQSFLESAEEFFMRGYRVHYYIFTDNPAAVPGVPLGPHRLLSTIPIQGHSHWEETSMRRMETISQHIAKRAHQEVDYLFCLDVDMVFRNPGGPETLGDLVAAIHPSYYAVPHQQFPYERRRVSTAFVADSEGDFYYGGAVFGGQVARVYEFTRGCHVAILADKANGIMAAWREESHLNRRFISNKPSKVLSPEYLWDDRKPQPPLKLIRFSTLDKDISCLRS
uniprot	GT6	GT6-Mix	tr|G1N3M4|G1N3M4_MELGA	Meleagris gallopavo	9103	Chordata	Metazoa	344	111	343	TAFAIGKYTRFVGRFLESAEMHFMKGYRVNYYIFTDNPEMIPDVQLQPGRRFDVVHIKKYSSWQEISMRRMEAINLHIAERSHREVDYLFCLDIDMVFHNAWGAETLSDIVAAMHPGYFNVPRSQFPYERRSSSAAYIPEGEGDFYYGGAVFGGLVKKVYEFTKTCHLTILADKANGIMAAWQEESHLNRHFLSHKPSKVLSPEYIWDDRKPKPPEIFLIRFSTVDKSYQEVR	LMISRKALGSLVCLSAVTTLIWVAVGNWKVHYLPYYLPCPEIFSKELQYLEEKPVQLFPQLFYQQPRVLAPKRQDVLTVTPWLAPIIWEGTFSPEILDSVYMPLNLTIGVTAFAIGKYTRFVGRFLESAEMHFMKGYRVNYYIFTDNPEMIPDVQLQPGRRFDVVHIKKYSSWQEISMRRMEAINLHIAERSHREVDYLFCLDIDMVFHNAWGAETLSDIVAAMHPGYFNVPRSQFPYERRSSSAAYIPEGEGDFYYGGAVFGGLVKKVYEFTKTCHLTILADKANGIMAAWQEESHLNRHFLSHKPSKVLSPEYIWDDRKPKPPEIFLIRFSTVDKSYQEVRN
uniprot	GT6	GT6-Mix	tr|F1PHE9|F1PHE9_CANLF	Canis lupus familiaris	9615	Chordata	Metazoa	347	114	346	TVFAVGKYTRFVQHFLESAEQFFMQGYQVYYYIFTNDPAAIPRVPLGPGRLLSIIPIQRHSRWEEISTRRMETISRHIAQRAHREVDYLFCVDVDMVFRNPWGPETLGDLVAAIHPGYYAVPRQQFPYERRHISTAFVAENEGDFYYGGAVFGGRVAKVYEFTTGCHMAILADKANGIMAAWQEESHLNRRFISHKPSKVLSPEYLWDDRKPQPPSLKLIRFSTLDKATSWLR	MRCRRLALGLGFSLLSGIALWSLWIYMETWLPFSYVPYYLPCPEIFNMKLQYKGEKPFQPVTRSPHPQPKLLEQRPTELLTLTPWLAPIVSEGTFNPELLQHIYQPLNLTIGLTVFAVGKYTRFVQHFLESAEQFFMQGYQVYYYIFTNDPAAIPRVPLGPGRLLSIIPIQRHSRWEEISTRRMETISRHIAQRAHREVDYLFCVDVDMVFRNPWGPETLGDLVAAIHPGYYAVPRQQFPYERRHISTAFVAENEGDFYYGGAVFGGRVAKVYEFTTGCHMAILADKANGIMAAWQEESHLNRRFISHKPSKVLSPEYLWDDRKPQPPSLKLIRFSTLDKATSWLRS
uniprot	GT6	GT6-Mix	sp|Q95158|GBGT1_CANLF	Canis lupus familiaris	9615	Chordata	Metazoa	347	114	346	TVFAVGKYTRFVQHFLESAEQFFMQGYQVYYYIFTNDPAGIPRVPLGPGRLLSIIPIQRHSRWEEISTRRMETISRHIAQRAHREVDYLFCVDVDMVFRNPWGPETLGDLVAAIHPGYYAVPRQQFPYERRHISTAFVAENEGDFYYGGAVFGGRVAKVYEFTTGCHMAILADKANGIMAAWQEESHLNRRFISHKPSKVLSPEYLWDDRKPQPPSLKLIRFSTLDKATSWLR	MRCRRLALGLGFSLLSGIALWSLWIYMETWLPFSYVPYYLPCPEIFNMKLQYKGEKPFQPVTRSPHPQPKLLEQRPTELLTLTPWLAPIVSEGTFNPELLQHIYQPLNLTIGLTVFAVGKYTRFVQHFLESAEQFFMQGYQVYYYIFTNDPAGIPRVPLGPGRLLSIIPIQRHSRWEEISTRRMETISRHIAQRAHREVDYLFCVDVDMVFRNPWGPETLGDLVAAIHPGYYAVPRQQFPYERRHISTAFVAENEGDFYYGGAVFGGRVAKVYEFTTGCHMAILADKANGIMAAWQEESHLNRRFISHKPSKVLSPEYLWDDRKPQPPSLKLIRFSTLDKATSWLRS
uniprot	GT6	GT6-Mix	tr|A0A2I3T876|A0A2I3T876_PANTR	Pan troglodytes	9598	Chordata	Metazoa	347	114	346	TVFAVGKYTHFIQSFLESAEEFFMRGYRVHYYIFTDNPAAIPGIPLGPHRLLSSIPIQGHSHWEETSMRRMETISQHIAKRAHREVDYLFCLDVDMVFRNPWGPETLGDLVAAIHPSYYAVSRQQFPYERRRVSTAFVADSEGDFYYGGAVFGGQVARVYEFTRGCHMAILADKANGIMAAWREESHLNCHFISNKPSKVLSPKYLWDDRKPQPPSLKLIRFSTLDKDISCLR	MHRRRLALGLGFCLLAGTSLSVLWVYLENWLPVSHVPYYLPCPEIFNMKLHYKREKPLQPMVWSQYPQPKLLEHRPTQLLTLTPWLAPIVSEGTFNPELLQHIYQPLNLTIGVTVFAVGKYTHFIQSFLESAEEFFMRGYRVHYYIFTDNPAAIPGIPLGPHRLLSSIPIQGHSHWEETSMRRMETISQHIAKRAHREVDYLFCLDVDMVFRNPWGPETLGDLVAAIHPSYYAVSRQQFPYERRRVSTAFVADSEGDFYYGGAVFGGQVARVYEFTRGCHMAILADKANGIMAAWREESHLNCHFISNKPSKVLSPKYLWDDRKPQPPSLKLIRFSTLDKDISCLRS
uniprot	GT6	GT6-Mix	tr|F6RD65|F6RD65_ORNAN	Ornithorhynchus anatinus	9258	Chordata	Metazoa	343	110	342	TVFAIGKYTKFVRRFVQTAEEFFMQGYRVNYYVFTSDPQAIPEVSLGPGRRLSTVPVRGYSHWEEISMRRMEAINRHIAETSHRDVDYLFCLDVDMVFRSPWGVETLGDLVAAIHPGYYAVPRQQFPYERRPSSSAFVADEEGDFYYGGAVFGGLVKKVYEFTGACHMGILADKANGIMAAWQEESHLNRHFITHKPSKVLSPEYLWDDRKPVPPGMKQVRFLSLEKNAKELR	EHRSRLLGSCGLRSKGLLTFRLLIWNWPTHYLPQYLPCPEIFSLQLRYAEEKSFQPFPRLSYPQPKWLEQHPKGVLTLTPWLAPIVSEGTFNSEILNRIYRPLNLTIGVTVFAIGKYTKFVRRFVQTAEEFFMQGYRVNYYVFTSDPQAIPEVSLGPGRRLSTVPVRGYSHWEEISMRRMEAINRHIAETSHRDVDYLFCLDVDMVFRSPWGVETLGDLVAAIHPGYYAVPRQQFPYERRPSSSAFVADEEGDFYYGGAVFGGLVKKVYEFTGACHMGILADKANGIMAAWQEESHLNRHFITHKPSKVLSPEYLWDDRKPVPPGMKQVRFLSLEKNAKELRS
uniprot	GT6	GT6-Mix	tr|F6VXM6|F6VXM6_MONDO	Monodelphis domestica	13616	Chordata	Metazoa	345	112	339	TAFAVGKYTRFVRRFLESAEEFFMQGFQVNYYIFTDDPEAIPHVPLRPGRNLSVIPIQGFSHWEEISMRRMESINKFIASRGHREVDYLYCLDIDMVFWNPWGAETLGDLVAAIHPGYFTVPRWQFPYERRPLSTAFVADGEGDFYYGGAVFGGRVERVYEFTGGCHMAILADKANGIMAAWQEESHLNRRFISHKPSKVLSPEYLWDDRKPQPPSLKLIRFSTLDKD	MRWRSMLLAAITLTLLSIFLVIWMLTWNWSVHYLPYYLPCPEAFSMKLPATEEKKFRPFPQLLYPQPKLLEQQRKDVLTLTPWLAPIVSEGTFNSELLNNAYRPLNLTIGVTAFAVGKYTRFVRRFLESAEEFFMQGFQVNYYIFTDDPEAIPHVPLRPGRNLSVIPIQGFSHWEEISMRRMESINKFIASRGHREVDYLYCLDIDMVFWNPWGAETLGDLVAAIHPGYFTVPRWQFPYERRPLSTAFVADGEGDFYYGGAVFGGRVERVYEFTGGCHMAILADKANGIMAAWQEESHLNRRFISHKPSKVLSPEYLWDDRKPQPPSLKLIRFSTLDKDSMNLKN
uniprot	GT6	GT6-Mix	tr|F6SY78|F6SY78_HORSE	Equus caballus	9796	Chordata	Metazoa	347	114	346	TVFAVGKYTHFVQHFLESAELFFMHGYRVCYYVFTDDPTAIPQVPLGPGRRLGIIPIQRHSRWEEISTRRMEIISQHIAKRAHREVDYLFCVDVDMVFRNPWGPETLGDLVAAIHPGYYAVPRQQFPYERRHVSTAFVADGEGDFYYGGAVFGGRVANVYEFTRGCHMAILADKANGIMAAWQEESHLNRRFISHKPSKVLSPEYLWDDRKRQPPSLKLIRFSTLDKDTSWLR	MRRHRLAIGLGVCLLVGTVLCTLWVYVEDWLPVSYVPYYLPCPEIFNMKLQYKGEKLFQPVAQSRYPQPKLLEQRPTELLTLTPWLAPIVSEGTFNAELLQHIYQPLNLTIGLTVFAVGKYTHFVQHFLESAELFFMHGYRVCYYVFTDDPTAIPQVPLGPGRRLGIIPIQRHSRWEEISTRRMEIISQHIAKRAHREVDYLFCVDVDMVFRNPWGPETLGDLVAAIHPGYYAVPRQQFPYERRHVSTAFVADGEGDFYYGGAVFGGRVANVYEFTRGCHMAILADKANGIMAAWQEESHLNRRFISHKPSKVLSPEYLWDDRKRQPPSLKLIRFSTLDKDTSWLRS
uniprot	GT6	GT6-Mix	tr|W5P5E1|W5P5E1_SHEEP	Ovis aries	9940	Chordata	Metazoa	348	113	347	TAFAVGKYTHFVQHFLESAERFFMQGYRVHYYIFTHDPQAIPRVPLGPGRHLSVIPVPGPSQWEEASMRRMEAISVHIAKRAHREVDYLFCLDVDMAFRNPWGPETLGDLVAASSIHPGYFTVPRHQFPYERRPVSTAFVAHGEGDFYYGGAVFGGRVARVYEFTRGCHMGILADKANGIMAAWQEESHLNRRFLSHKPSKVLSPEYLWDDRKPQPPSLKLIRFSTLNKDTAWLR	MHCPRLALGLGFCLLLGIALCSLWVYVENWLLVSYIPYYLPCPEIFNMKLQYKEEPSQSVAQSQYPQPKLLEQKPTELLTLTPWLAPIVSEGTFNAELLRHIYQPLNLTIGLTAFAVGKYTHFVQHFLESAERFFMQGYRVHYYIFTHDPQAIPRVPLGPGRHLSVIPVPGPSQWEEASMRRMEAISVHIAKRAHREVDYLFCLDVDMAFRNPWGPETLGDLVAASSIHPGYFTVPRHQFPYERRPVSTAFVAHGEGDFYYGGAVFGGRVARVYEFTRGCHMGILADKANGIMAAWQEESHLNRRFLSHKPSKVLSPEYLWDDRKPQPPSLKLIRFSTLNKDTAWLRS
uniprot	GT6	GT6-Mix	tr|M3ZTM4|M3ZTM4_XIPMA	Xiphophorus maculatus	8083	Chordata	Metazoa	284	52	283	ALVVGTYARFVRHFLYSAENHFLPGQMVTYYILTDNPRTLDPPVELGPGRQMKMLPAAELPGWDRLAYRRMVLFAEAIWGSIGKEVDYIFCADIDQEFVGPVGEEILGDLVATLHPEFFEMPRNNFPYEDQEESSACVEEDEGDYYYTSEFYGGVVSQMRRLARECSLLILQDQANNMMAKGLEESYLNRYLIDHRPTCVLSPEYSWWDSPLTAHVPKKRLVSLGRQCFQIR	MILKDMSSMKTVDSKTPQETSWGAPMVWGDSHNSVWRRAKLSERGIRIGLLALVVGTYARFVRHFLYSAENHFLPGQMVTYYILTDNPRTLDPPVELGPGRQMKMLPAAELPGWDRLAYRRMVLFAEAIWGSIGKEVDYIFCADIDQEFVGPVGEEILGDLVATLHPEFFEMPRNNFPYEDQEESSACVEEDEGDYYYTSEFYGGVVSQMRRLARECSLLILQDQANNMMAKGLEESYLNRYLIDHRPTCVLSPEYSWWDSPLTAHVPKKRLVSLGRQCFQIRT
uniprot	GT6	GT6-Mix	tr|M4ADZ8|M4ADZ8_XIPMA	Xiphophorus maculatus	8083	Chordata	Metazoa	285	51	283	TVFAVGKYIRFLKDFLETAEQHFFVGFRVKVYVFTDRPNEVPKVKMAAGRELVVHSVPNSKRWQEISARRMEIIQTLIEETLNKDVDYIFCLDVDSKFHSRWGTESLGELVAVIHPGYYKDDRSKFPYERRPTSRAYVAPGEGDFYYCGGAFGGVLAEVHQLAQTCRKNFEDDAKEGIEAAWQEESHLNRYMLLNKPSKVLSPEYLWQDFKARNAEVLVIRFSGVIKNYNEIR	RLKYPQPSITQGRTDIVSVTPWLAPVVWEGTFHPVLLDSIYQKRNITVAATVFAVGKYIRFLKDFLETAEQHFFVGFRVKVYVFTDRPNEVPKVKMAAGRELVVHSVPNSKRWQEISARRMEIIQTLIEETLNKDVDYIFCLDVDSKFHSRWGTESLGELVAVIHPGYYKDDRSKFPYERRPTSRAYVAPGEGDFYYCGGAFGGVLAEVHQLAQTCRKNFEDDAKEGIEAAWQEESHLNRYMLLNKPSKVLSPEYLWQDFKARNAEVLVIRFSGVIKNYNEIRPN
uniprot	GT6	GT6-Mix	tr|M4AJ92|M4AJ92_XIPMA	Xiphophorus maculatus	8083	Chordata	Metazoa	292	57	289	VFAVGKYTRFLQKFIETGEKYFLVGFSVTYYVHTDRENEVPKVPLGKNRKVTVVSVPSANRWQDVVLGRMKWATITIEKQIRKEADYLFMMDIDSVFHNRFGAESLSRLSAVLHRGYYKTTPRDAFPYERRPQSKAYIPAGEGDYYYTAAVWAGYLEEMYKLVKYCYEMSEEDAKNKIEAVWQEESHLNRYLLTNKPAKVLSPEYLWSDYDKVSPDIKVVRISQLVKNYAEVR	LFFFSRLKYAQPSTLTGRTDVNAVTNWNAPLVWEGTFDPVLIDGIYKKMDPRIAVVVFAVGKYTRFLQKFIETGEKYFLVGFSVTYYVHTDRENEVPKVPLGKNRKVTVVSVPSANRWQDVVLGRMKWATITIEKQIRKEADYLFMMDIDSVFHNRFGAESLSRLSAVLHRGYYKTTPRDAFPYERRPQSKAYIPAGEGDYYYTAAVWAGYLEEMYKLVKYCYEMSEEDAKNKIEAVWQEESHLNRYLLTNKPAKVLSPEYLWSDYDKVSPDIKVVRISQLVKNYAEVRPNG
uniprot	GT6	GT6-Mix	tr|I3JRV7|I3JRV7_ORENI	Oreochromis niloticus	8128	Chordata	Metazoa	291	57	289	TVFAVGKYIMFLKDFLQTSEEHFFVGFRVDFYVFTDRPNEVPKVNMAAGRKLTVRSVPSSNRWQEISARRMEIIQNLIEEKLQNRADYIFCLDVDSKFHGRWGAESLGELVAVIHPGYYRDDRSKFPYERRPASNAYVAPGEGDFYYCGGAFGGLMQEVHLLAKTCRKNFEDDTKKGIEAAWQEESHLNRYMWINKPSKVLSPEYLWQDFKPKNPEVQIIRFSGVIKNYANIR	HKCVPKSLKYNQPSIVHGRADVVTVTPWLAPVVWEGTFNSFLLDSIYKRKNITIAATVFAVGKYIMFLKDFLQTSEEHFFVGFRVDFYVFTDRPNEVPKVNMAAGRKLTVRSVPSSNRWQEISARRMEIIQNLIEEKLQNRADYIFCLDVDSKFHGRWGAESLGELVAVIHPGYYRDDRSKFPYERRPASNAYVAPGEGDFYYCGGAFGGLMQEVHLLAKTCRKNFEDDTKKGIEAAWQEESHLNRYMWINKPSKVLSPEYLWQDFKPKNPEVQIIRFSGVIKNYANIRPN
uniprot	GT6	GT6-Mix	tr|A0A287CYP3|A0A287CYP3_ICTTR	Ictidomys tridecemlineatus	43179	Chordata	Metazoa	347	114	346	TVFAVGKYTLFVQHFLDSAEEFFMRGYRVHYYIFTHDPAAIPRVPLGAGRLLSIIPVRRHSHWEEISTRRMETISLHIAKRAHREVDYLFCLDVDMVFRNLWGPETLGELVAAIHPGYFTASRQQFPYERRRASTAFVADSEGDFYYGGAVFGGRVASVYEFTRVCHMAILTDKANGIMAIWQEESHLNRHFISHKPSKVLSPEYLWDDRKPQPPSLKLIRFSTVNKDTSWLR	MLRWRPALGLGLCLLAGTSLWALWAYVRNWPPVSYVPYYLPCPEIFNLKLQHKGEEPLQPVAQPLYPQPKLLEQRPTELLTLTPWLAPIISEGTFNPELLQLIYQPLNLTIGVTVFAVGKYTLFVQHFLDSAEEFFMRGYRVHYYIFTHDPAAIPRVPLGAGRLLSIIPVRRHSHWEEISTRRMETISLHIAKRAHREVDYLFCLDVDMVFRNLWGPETLGELVAAIHPGYFTASRQQFPYERRRASTAFVADSEGDFYYGGAVFGGRVASVYEFTRVCHMAILTDKANGIMAIWQEESHLNRHFISHKPSKVLSPEYLWDDRKPQPPSLKLIRFSTVNKDTSWLRS
uniprot	GT6	GT6-Mix	tr|H0XI02|H0XI02_OTOGA	Otolemur garnettii	30611	Chordata	Metazoa	303	88	302	VFAVGKYTGFIQHFLESAEEFFMRGYRVHYHVFSHDPAAIPIPGHSHWEAISMRMETISKHIAQRAHREVDLFCLHTDRVFRNLWGPETLGDLVAAIHPGYYAVSRQQFPYERRHVSTAFVADSKGDFYYGAAVFGQVASVNEFTSGCHVAILADKANSIMAAWQEESHLNRHFISHKPSKVLSPEYLWDDRKPQPPNLKLICFSTLAKGCAHTR	KDWMPVSAVPFYLPCPEIFKTKLQYKGEKPYQPVAQSQYPWPKLLKPRPTELLTLMPWLAPIVSEGTFNLELPQHIYWPLNLTTVVIVFAVGKYTGFIQHFLESAEEFFMRGYRVHYHVFSHDPAAIPIPGHSHWEAISMRMETISKHIAQRAHREVDLFCLHTDRVFRNLWGPETLGDLVAAIHPGYYAVSRQQFPYERRHVSTAFVADSKGDFYYGAAVFGQVASVNEFTSGCHVAILADKANSIMAAWQEESHLNRHFISHKPSKVLSPEYLWDDRKPQPPNLKLICFSTLAKGCAHTRT
uniprot	GT6	GT6-Mix	tr|A0A286XG71|A0A286XG71_CAVPO	Cavia porcellus	10141	Chordata	Metazoa	347	114	346	TVFAVGKYTRFVQHFLESAEEFFMRGFQVHYYVFTHNPAAIPRVLLGPRRLLDIIPIHGYTHWEEISMRRMEAISRHIAKKAHQEVDYLFCLDVDMVFHNPWGPETLGDLVAAIHPGYFTVSRRQFPYERRQISTAFVAENEGDFYYGGAVFGGRVANVYEFTRGCHMAILADKANGIMAAWQEESHLNRRLITHKPSKVLSPEYLWDDRKPVPSSLKLIRFSTLLKDTNWLR	MSRRRLVLSLGLIVLASTGLWALWVYIENWLPVSHVPYYLPCPEIFNMKLQYKGEKPLPPVTQAQYPQPRLTQHRPTELLTLTPWLAPIVSEGTFDPELLQHIYQPLNLSIGVTVFAVGKYTRFVQHFLESAEEFFMRGFQVHYYVFTHNPAAIPRVLLGPRRLLDIIPIHGYTHWEEISMRRMEAISRHIAKKAHQEVDYLFCLDVDMVFHNPWGPETLGDLVAAIHPGYFTVSRRQFPYERRQISTAFVAENEGDFYYGGAVFGGRVANVYEFTRGCHMAILADKANGIMAAWQEESHLNRRLITHKPSKVLSPEYLWDDRKPVPSSLKLIRFSTLLKDTNWLRS
uniprot	GT6	GT6-Mix	sp|Q8N5D6|GBGT1_HUMAN	Homo sapiens	9606	Chordata	Metazoa	347	114	346	TVFAVGKYTHFIQSFLESAEEFFMRGYRVHYYIFTDNPAAVPGVPLGPHRLLSSIPIQGHSHWEETSMRRMETISQHIAKRAHREVDYLFCLDVDMVFRNPWGPETLGDLVAAIHPSYYAVPRQQFPYERRRVSTAFVADSEGDFYYGGAVFGGQVARVYEFTRGCHMAILADKANGIMAAWREESHLNRHFISNKPSKVLSPEYLWDDRKPQPPSLKLIRFSTLDKDISCLR	MHRRRLALGLGFCLLAGTSLSVLWVYLENWLPVSYVPYYLPCPEIFNMKLHYKREKPLQPVVWSQYPQPKLLEHRPTQLLTLTPWLAPIVSEGTFNPELLQHIYQPLNLTIGVTVFAVGKYTHFIQSFLESAEEFFMRGYRVHYYIFTDNPAAVPGVPLGPHRLLSSIPIQGHSHWEETSMRRMETISQHIAKRAHREVDYLFCLDVDMVFRNPWGPETLGDLVAAIHPSYYAVPRQQFPYERRRVSTAFVADSEGDFYYGGAVFGGQVARVYEFTRGCHMAILADKANGIMAAWREESHLNRHFISNKPSKVLSPEYLWDDRKPQPPSLKLIRFSTLDKDISCLRS
uniprot	GT6	GT6-Mix	tr|G5ANW5|G5ANW5_HETGA	Heterocephalus glaber	10181	Chordata	Metazoa	287	86	286	YTQFVQHFLELAEGFFMLGYQVHCYVFTHNPAAIPRVPLGPGRLLDIIPTRGHAHWEEVSMRRMETISQHITKRAHRKVDYLFCLDVDMVFQNPWGPETLGDLVAAIHPGYFTVPRQQFPYERRQVSTAFVADNEGDFYYDKANGIMAAWQEESHLNHRLITHKPSKVLSPVYIWDDRKPVPPSLKLIRFSTLVKDTGWLR	MPCCQRLGLGLGLTLLASTGLWALYNMKLRYKEEKPWQPVAPSQYPQPRLLQHRPTELLTLTPWLAPIISEGAFDPELLRHIYQPYTQFVQHFLELAEGFFMLGYQVHCYVFTHNPAAIPRVPLGPGRLLDIIPTRGHAHWEEVSMRRMETISQHITKRAHRKVDYLFCLDVDMVFQNPWGPETLGDLVAAIHPGYFTVPRQQFPYERRQVSTAFVADNEGDFYYDKANGIMAAWQEESHLNHRLITHKPSKVLSPVYIWDDRKPVPPSLKLIRFSTLVKDTGWLRS
uniprot	GT6	GT6-Mix	tr|K7FA26|K7FA26_PELSI	Pelodiscus sinensis	13735	Chordata	Metazoa	280	59	279	FTVLRYIRFIQGFIGSANKYFLSGHRVNFYLFTDHPEKVPAMELASEKHLFIIPIQNYSRWQDISMNRMDIISNYIRSRWRYEVDYLYSMDIDLQLFEHIGVEIVDTLVGTIPGTYERRPESQAAIPSGEGDFYYAASFYGGSVSEVYKLTTACFKGVTEDRANGIEAKWHEESHLNKYLLYHKPTRLLSPEYYWDEELSQPPIVKVKRLSSVRKNLQEVR	AFNRLSYPQPFVDKPQRTDVLVMSPWLAPIMWEGTFNRDILNAQYRPLPLKSTTSPSQFTVLRYIRFIQGFIGSANKYFLSGHRVNFYLFTDHPEKVPAMELASEKHLFIIPIQNYSRWQDISMNRMDIISNYIRSRWRYEVDYLYSMDIDLQLFEHIGVEIVDTLVGTIPGTYERRPESQAAIPSGEGDFYYAASFYGGSVSEVYKLTTACFKGVTEDRANGIEAKWHEESHLNKYLLYHKPTRLLSPEYYWDEELSQPPIVKVKRLSSVRKNLQEVRY
uniprot	GT6	GT6-Mix	tr|K7G612|K7G612_PELSI	Pelodiscus sinensis	13735	Chordata	Metazoa	325	92	324	TAFAIGKYTTFVGRFLESAEKHFMKGYRVNYYIFTDDPQAILTAQLQPGRSLAIVPIKKYSHWQEISMRRMEAINRHIAAVSHREVNYLFCLDIDMVFHNPWGVETLGERVAAIHPGYYNVPRSHFPYERRSSSAAFIPDSQGDFYYGGAVFGGLVKQVYEFTRDCHTTILADKANGIMAAWQEESHLNRHFLSHKPSKLLSPEYLWDDTKPKPPEVRLIRFSTVNKDYGAIR	AYRTVVWNGPVHYLPYYLPCPEIFSMKLQYAEEKPVQLFPQLVYPQPRSLEQKRLDVLTLTPWLAPIVWEGTFDSKLLDGTYKPLNLTIGVTAFAIGKYTTFVGRFLESAEKHFMKGYRVNYYIFTDDPQAILTAQLQPGRSLAIVPIKKYSHWQEISMRRMEAINRHIAAVSHREVNYLFCLDIDMVFHNPWGVETLGERVAAIHPGYYNVPRSHFPYERRSSSAAFIPDSQGDFYYGGAVFGGLVKQVYEFTRDCHTTILADKANGIMAAWQEESHLNRHFLSHKPSKLLSPEYLWDDTKPKPPEVRLIRFSTVNKDYGAIRD
uniprot	GT6	GT6-Mix	tr|H3CZ94|H3CZ94_TETNG	Tetraodon nigroviridis	99883	Chordata	Metazoa	270	32	256	AALVVGTYAKFARRFLSSAEIYFLPDQTVTYYILTDNPRTLEPPVKLGPGRKLTVIHIAELPGWSRLAYRRMSLLADAIRDLIGSEVEYVFCADVDQEFVAPVGTEILGDLVATLHPELYGMPRKAFPYQVEESSAAHVEEEEGDYYYTSELYGGAVSEVYRLVRACSLLILQDQANGVVARGLEESYLNRYLIDHRPTCVLSPEYSWWDSDMATNVPVPRLVSL	TSWGAPLVWGDSRKSAKRRAKLGELEIRTGLAALVVGTYAKFARRFLSSAEIYFLPDQTVTYYILTDNPRTLEPPVKLGPGRKLTVIHIAELPGWSRLAYRRMSLLADAIRDLIGSEVEYVFCADVDQEFVAPVGTEILGDLVATLHPELYGMPRKAFPYQVEESSAAHVEEEEGDYYYTSELYGGAVSEVYRLVRACSLLILQDQANGVVARGLEESYLNRYLIDHRPTCVLSPEYSWWDSDMATNVPVPRLVSLIWTYGGWNKIFRYL
uniprot	GT6	GT6-Mix	tr|G3N5W5|G3N5W5_GASAC	Gasterosteus aculeatus	69293	Chordata	Metazoa	275	41	272	FAVGKYTRFLKGFLESAEKYFLVDFRVTYYIFTDNKGDVPTIKLGKGRKISVVTIPSVNRWQEVVLGRMKWATITIDKQIRNEADYLYMMDIDSVFHNDFGAESLSPLSAVLHRGYYKNTRRDQFPYERRPKSMAYIPTDEGDYYYTAAVWGGYLEDMYRLVKYCYTQSEEDAKNDIEAVWQEESHLNKYLLYNKPTKVLSPEYLWSDYDKIPADIKVVRISQLVKNYEEVR	RTDVNSVTNWNAPLVWEGTFDPVVIDAIYKKMDPRVAVVLFAVGKYTRFLKGFLESAEKYFLVDFRVTYYIFTDNKGDVPTIKLGKGRKISVVTIPSVNRWQEVVLGRMKWATITIDKQIRNEADYLYMMDIDSVFHNDFGAESLSPLSAVLHRGYYKNTRRDQFPYERRPKSMAYIPTDEGDYYYTAAVWGGYLEDMYRLVKYCYTQSEEDAKNDIEAVWQEESHLNKYLLYNKPTKVLSPEYLWSDYDKIPADIKVVRISQLVKNYEEVRPNG
uniprot	GT6	GT6-Mix	tr|G3PPN1|G3PPN1_GASAC	Gasterosteus aculeatus	69293	Chordata	Metazoa	346	111	343	TVFAVGKYIMFLKRFLETAEQHFFVGFKVHIYVFTDRPNEVPPVTMASGRRLIVRLVPTAKRWQEISARRMELIQMVIEEQLPNNRNYIFCLDVDSQFHGRWGSESLGGLVAVTHPGYYRDPRSKFPYERRPSSRAYLAPGEGDFYYCGGAFGGLLQEVHHLAKTCRHNFEADAQEGIEAAWQEESHLNRYMWINKPSKVLSPEYLWQDFKPRNPEVHIVRFSGVVKNYADIR	MIHLINVKSLTAVLVILGVLFLYSFLSYRTSHQQNITAENRLSADVVAVGNEFHLVAPEHLQYEQPSIVQGSRIDVVAVTPWLAPIVWEGTFNPVLLDSIYKPKNITIIATVFAVGKYIMFLKRFLETAEQHFFVGFKVHIYVFTDRPNEVPPVTMASGRRLIVRLVPTAKRWQEISARRMELIQMVIEEQLPNNRNYIFCLDVDSQFHGRWGSESLGGLVAVTHPGYYRDPRSKFPYERRPSSRAYLAPGEGDFYYCGGAFGGLLQEVHHLAKTCRHNFEADAQEGIEAAWQEESHLNRYMWINKPSKVLSPEYLWQDFKPRNPEVHIVRFSGVVKNYADIRPNA
uniprot	GT6	GT6-Mix	tr|G3PUA7|G3PUA7_GASAC	Gasterosteus aculeatus	69293	Chordata	Metazoa	275	41	272	FAVGKYTRFLKGFLESAEKYFLVGFRVTYYIFTDNKGDVPTIKLGKGRKISVVTIPSVNRWQEVVLGRMKWATITIDKQIRNEADYLYMMDIDSVFHNDFGAESLSPLSAVLHRGYYKNTRRDQFPYERRPKSMAYIPTDEGDYYYTAAVWGGYLEDMYRLVKYCYTQSEEDAKNDIEAVWQEESHLNKYLLYNKPTKVLSPEYLWSDYDKIPADIKVVRISQLVKNYEEVR	RTDVNSVTNWNAPLVWEGTFDPVVIDAIYKKMDPRVAVVLFAVGKYTRFLKGFLESAEKYFLVGFRVTYYIFTDNKGDVPTIKLGKGRKISVVTIPSVNRWQEVVLGRMKWATITIDKQIRNEADYLYMMDIDSVFHNDFGAESLSPLSAVLHRGYYKNTRRDQFPYERRPKSMAYIPTDEGDYYYTAAVWGGYLEDMYRLVKYCYTQSEEDAKNDIEAVWQEESHLNKYLLYNKPTKVLSPEYLWSDYDKIPADIKVVRISQLVKNYEEVRPNG
uniprot	GT6	GT6-Mix	tr|G3SWP0|G3SWP0_LOXAF	Loxodonta africana	9785	Chordata	Metazoa	347	114	346	TVFAVGRYTRFVQHFLDSAEEFFMRGYRVSYYVFTDDPAAIPHVLLGPGRLLSVIPIQGYSRWEEISMRRMETISQHIAKRAHREVDYLFCLDVDMVFRNPWGPETLGDLVAAIHPGYYAVSRPQFPYERRRVSTAFVEDNEGDFYYGGAVFGGQVARVYEFTRGCHMAILADKANGIMAAWQEESHLNRRFISHKPSKVLSPEYLWDDRKPQPPILKLIRFSTLDKDTNWLR	MHCRRLVLGLGFCLLAGVGLWALWVYTENWLPASYVPYYLPCPEIFNMKLQYKGEKQFQPVAQLQYPQPKLLEQRSTQLLTLTPWLAPIISEGTFDPTLLQNIYQPLNLTIGVTVFAVGRYTRFVQHFLDSAEEFFMRGYRVSYYVFTDDPAAIPHVLLGPGRLLSVIPIQGYSRWEEISMRRMETISQHIAKRAHREVDYLFCLDVDMVFRNPWGPETLGDLVAAIHPGYYAVSRPQFPYERRRVSTAFVEDNEGDFYYGGAVFGGQVARVYEFTRGCHMAILADKANGIMAAWQEESHLNRRFISHKPSKVLSPEYLWDDRKPQPPILKLIRFSTLDKDTNWLRG
uniprot	GT6	GT6-Mix	tr|G3W2W9|G3W2W9_SARHA	Sarcophilus harrisii	9305	Chordata	Metazoa	345	112	339	TAFAVGKYTRFVRRFLESAEEFFMQGFQVNYYIFTDDPEAIPHVPLGPGRNLSVIPIQGFSHWEEISMRRMESINKFIASRGHREVDYLYCLDIDMVFWNPWGAETLGDLVAAIHPGYFTVPRWQFPYERRPLSTAFVADGEGDFYYGGAVFGGRVERVYEFTGGCHMAILADKANGIMAAWQEESHLNRRFISHKPSKVLSPEYLWDDRKPQPPSLKLIRFSTLDKD	MRWRSMLLAAITLTLLSIFLVIWMLTWNWSVHYLPYYLPCPEAFSMKLPATEEKKFRPFPQLLYPQPKLLEQQRKDVLTLTPWLAPIVSEGTFNSELLNNAYRPLNLTIGVTAFAVGKYTRFVRRFLESAEEFFMQGFQVNYYIFTDDPEAIPHVPLGPGRNLSVIPIQGFSHWEEISMRRMESINKFIASRGHREVDYLYCLDIDMVFWNPWGAETLGDLVAAIHPGYFTVPRWQFPYERRPLSTAFVADGEGDFYYGGAVFGGRVERVYEFTGGCHMAILADKANGIMAAWQEESHLNRRFISHKPSKVLSPEYLWDDRKPQPPSLKLIRFSTLDKDSLNWKD
uniprot	GT6	GT6-Mix	tr|H0YXR2|H0YXR2_TAEGU	Taeniopygia guttata	59729	Chordata	Metazoa	249	41	247	FAVEKYLFFIEGFMSSANTYFLAGHPVNFYLFTDNPEKISHIQMAPENHLFVIPVQNDPRWQDISRSRMDIISCYIQSQFQHEVDYLYSLDINVQLLAHIGVEIIDALVATISSWQVTPQHENKGSEAHPEAQSAIPEGQGDFYYTASFYGGSVPEVYKLTRACSAGLREDTENGIEAPWHHESHLNRYLLQHRPTRLLSPEYYWDP	RRDVLVLTPWLAPIVWEGTFNRDILNAQYLQKKAVTGVVTFAVEKYLFFIEGFMSSANTYFLAGHPVNFYLFTDNPEKISHIQMAPENHLFVIPVQNDPRWQDISRSRMDIISCYIQSQFQHEVDYLYSLDINVQLLAHIGVEIIDALVATISSWQVTPQHENKGSEAHPEAQSAIPEGQGDFYYTASFYGGSVPEVYKLTRACSAGLREDTENGIEAPWHHESHLNRYLLQHRPTRLLSPEYYWDPEL
uniprot	GT6	GT6-Mix	tr|H0Z4U1|H0Z4U1_TAEGU	Taeniopygia guttata	59729	Chordata	Metazoa	344	111	343	TAFAVGKYTRFAPRFLQSAEQHFLRGYRVNYYIFTDSPQSIPHMQLGPGRRLLTVPVQKPSSWQEISMRRMEAINQHVAKQSHGEVQYLFCLDIDMVFHNPWGPETLGDTVAAIHPGYFDVPREQFPYERRSSSAAFIPEGEGDFYYGGAVFGGLVRKVYELTKMCHMTILADKANGIMAAWQEESHLNRHFLSHKPSKLLSPEYIWDDRKPKPPEIHLIRFSTVKKNYKEVR	MISRKVLLASLVCLGGVAAVIWAVAGSGKVHYLPYYLPCPEIFSMKLQYTEEKLIQLFPQLFYQQPRVLAPKRQDVLTVTPWLAPIIWEGTFDPEILDSAYRPLNLTIGVTAFAVGKYTRFAPRFLQSAEQHFLRGYRVNYYIFTDSPQSIPHMQLGPGRRLLTVPVQKPSSWQEISMRRMEAINQHVAKQSHGEVQYLFCLDIDMVFHNPWGPETLGDTVAAIHPGYFDVPREQFPYERRSSSAAFIPEGEGDFYYGGAVFGGLVRKVYELTKMCHMTILADKANGIMAAWQEESHLNRHFLSHKPSKLLSPEYIWDDRKPKPPEIHLIRFSTVKKNYKEVRN
uniprot	GT6	GT6-Mix	tr|F2U7J8|F2U7J8_SALR5	Salpingoeca rosetta (strain ATCC 50818 / BSB-021)	946362	Choanoflagellida	Protista	1759	1132	1330	VVATGWYYAFLDDFVASAEEFFMPGHEVHYFVFTDNRPFAAGPADRMHILRQPVYGWPFDSMFRYESILRQRHHFRNMDYIFMLDSDIVFSNFVREEILGEMVGVTQAFAFGLARSEYPLESNPASVAYVPQRSTPCYYAGGIFGGTVEGAVRFLQHTAWLMEWDIMQQVSAGHDDESYLNRIFAWNPPDVVLPASYIY	MVVGLRCSCRRMVPRLRRLQLLWQRRWRTIVVIVLCITLLAALRRNRSARYNASDVPDLTKCRAPSLEVAPLITASLIHDTADAAAFLDLHRVAEAPFNDLILSASSARSGDANRNHARADVDRNALRPVTHRQTLAHCIAQHYLGAIQQPTWSHPSVWFAAIQAAQHEGAAAQQQRAARSAHAKDANDNADSISSSSSSSEGGTAATMDQVRRKWWAHMVQLARLHIHQQADGDPASEQGKVLEVPSGLPIHDEYISSLVSALLMPMDSDALAYSAHVPKHINVHTTICGASPATARRCRSGRPMLSPSASLQAATAVFASRSLALTNVADTWLLQLAQHVRAGGVVAFHDVYFAGDDPSPCVLANALHSPAGDTSVVYATEATIAFFLAHFDVEWYRDVRVSFHPSLACEKREVFALLRRRTTLRPGIATPRRVDLTITSLRAIKTALAAAPSSRHPSQWLQRLLDAALHHSPNAWPNLAHRPHTTNTNTNTNTNTNTNTNANNDGGAVSLFHEASRPRRWATNGLLHDTMSQLEAFDAVERLLEGGVPDGCNPTSDICNIFFVWTSHRDTWSFLNRLAVESALRIFPRARVIIVSNTLPVTFFNSLQASHRVYVWRIVPTRLVRAGVAGGRWLRAALREQGPHLPTHQSDFLRYVVLYKYGGLFSDTDLVWLDASPLAHAIGRNFLGKIDSRPILARCPWCVDSTWYLANGVLRFQARHKMLASILGHIDTLRYDPSDRLAIGPHLVTKTFNALQDPSVILVDEHVLFPMSGPDVLQYMDPRPPHTRLADLLTSAAVHVFEATYKAAPYAPTSAMQQLLALTPWVQIDPVCECVWQQDDTDTDTNEDKGDDDSNSNSNSNSNSGGAAVGGDSTKRKKTNLCLPYSATARYRQGSRDHLVRMCVKIRGIHSDADQSSTPNSDRNERAAGDGDNDEGAGGEEKSRDGTSVVGLPEDGVLVLEARLGRVQTAYQAADKRIVVPLHRDMTHTELLELAQLWYVHGEEYCNDHVTVQVVLASGVVYAEGGVDVMTPCFGVAEAQQRYIGPPLAKGTYTWTNAEHMLQCTRFSEEYAGPDPLMFWPRKYRKLVGDMVSPATAKYAFGYTPALTAANGAGEQQQRQQPRYKVGLVVVATGWYYAFLDDFVASAEEFFMPGHEVHYFVFTDNRPFAAGPADRMHILRQPVYGWPFDSMFRYESILRQRHHFRNMDYIFMLDSDIVFSNFVREEILGEMVGVTQAFAFGLARSEYPLESNPASVAYVPQRSTPCYYAGGIFGGTVEGAVRFLQHTAWLMEWDIMQQVSAGHDDESYLNRIFAWNPPDVVLPASYIYPEPPCDRAWQAGGRRYDGTYPPRILNVGCRKVLGLQPGMGRKTRTEDAGTPKDFMLREARAHAADMTPGTANEQQQQEQQQKQQHGGEGAEDALLSTPLWMVSCIDSLPDDLDDGAHDDMWADSIAAAPRRLANHTRHAGVVYGMSNALLQRFWAARASQLHPPTLHVVAVSRCDAQAVAALLQLVQADVVLVTDPGLTPGWQVNFGVWRRMLQDNSRLWKAAGQSAGGDGAGDDVTAPLRIAAACPFPSSKYRQMNLGTRAVGNLLCGWDTQAASHPSDGQRERVLATDFRTYVCRAKPLHDVEDHQAFMALKAPLLSAMNKIGAPVVMEADARSNLGLPTRSGIDTQPRSRGGGAAGRGGDVTGSFARRTMAALRSLMQSEGGAAVEVASCFTDMQPFIAAPVVARTSAKMCCRTRFLGMCLSYREC
uniprot	GT6	GT6-Mix	tr|F6VEF8|F6VEF8_XENTR	Xenopus tropicalis	8364	Chordata	Metazoa	227	1	226	YIRFLLPFLKSAEHYFMVGYSVKYYVFTDNTSAVQKVNLTNGRILNLLEVEADKRWQDISMKRMQILVNLTRDRLPKEVDYLVCADVDMVFNDHVGAEILGDLVATIHPGYFLAEPRQFTYERNPASAAYIPNGEGDFYYMAAFYGGTVEEINKLSISCHNGIVADKKRNMEAVWQEESHLNKYLVYNKPTKVLSPEYIWDTNLPNGDLVKKKRFLAVHKNHAEVR	YIRFLLPFLKSAEHYFMVGYSVKYYVFTDNTSAVQKVNLTNGRILNLLEVEADKRWQDISMKRMQILVNLTRDRLPKEVDYLVCADVDMVFNDHVGAEILGDLVATIHPGYFLAEPRQFTYERNPASAAYIPNGEGDFYYMAAFYGGTVEEINKLSISCHNGIVADKKRNMEAVWQEESHLNKYLVYNKPTKVLSPEYIWDTNLPNGDLVKKKRFLAVHKNHAEVRN
uniprot	GT6	GT6-Mix	tr|F7DCZ4|F7DCZ4_XENTR	Xenopus tropicalis	8364	Chordata	Metazoa	271	39	270	VFAVKRYIGFLLPFLESAEHYFMVGYNVTYYVFTDNISAVQKVRLSNGRILKVLKVEADKRWQDISMKRMQILVNLTHDRLPKEVDYLVCADVDMVFNDHVGAEILGDLVATIHPGYFLAEPRQFTYERNPASAAYIPYGEGDFYYMAAFYGGTVEEINKLSTFCHNGIVADKKKNIEAVWQEESHLNKYLVYNKPTKVLSPEYIWDTNLPNGDLVKKKRFLAVHKNHKEIR	RKAALQILTPWLAPIIWDGTYDLWILNNQFKGKRIGLFVFAVKRYIGFLLPFLESAEHYFMVGYNVTYYVFTDNISAVQKVRLSNGRILKVLKVEADKRWQDISMKRMQILVNLTHDRLPKEVDYLVCADVDMVFNDHVGAEILGDLVATIHPGYFLAEPRQFTYERNPASAAYIPYGEGDFYYMAAFYGGTVEEINKLSTFCHNGIVADKKKNIEAVWQEESHLNKYLVYNKPTKVLSPEYIWDTNLPNGDLVKKKRFLAVHKNHKEIRN
uniprot	GT6	GT6-Mix	tr|F6R2J3|F6R2J3_CALJA	Callithrix jacchus	9483	Chordata	Metazoa	347	114	346	TVFAVGKYTHFVQSFLESAEEFFMRGYWVHYYVFTDNPAAIPRVPLGPHRLLGTIPIQGHSHWEEISMRRMETISQHIAKRAHREVDYLFCLDVDMVFRNPWGPETLGDLVAAIHPGYYAVPRQQFPYERRRVSTAFVADSEGDFYYGGAVFGGQVARVYEFTRSCHMAILADKANGVMAAWQEESHLNRHFISNKPSKVLSPEYLWDDRKPQPPSLKLIRFSTLVKDISCLR	MHRQRLALGLGICLLVGTSLSVLWVYVENWLPVSYVPYYLPCPEIFNTKLHYEREKPLQPVAWSQYPQPKLLEHRPTQLLTLTPWLAPIVSEGTFNPELLQHIYQPLNLTIGVTVFAVGKYTHFVQSFLESAEEFFMRGYWVHYYVFTDNPAAIPRVPLGPHRLLGTIPIQGHSHWEEISMRRMETISQHIAKRAHREVDYLFCLDVDMVFRNPWGPETLGDLVAAIHPGYYAVPRQQFPYERRRVSTAFVADSEGDFYYGGAVFGGQVARVYEFTRSCHMAILADKANGVMAAWQEESHLNRHFISNKPSKVLSPEYLWDDRKPQPPSLKLIRFSTLVKDISCLRS
uniprot	GT6	GT6-Mix	tr|A0A287ATQ2|A0A287ATQ2_PIG	Sus scrofa	9823	Chordata	Metazoa	363	129	361	TVFAIKKYTQFVQRFLESAERFFMQGYRVHYYIFTSDPGAVPGVPLGPGRLLSVIAIRRPSRWEEVSTRRMEAISQHIAARAHREVDYLFCLSVDMVFRNPWGPETLGDLVAAIHPGYFAAPRQQFPYERRHVSTAFVADSEGDFYYGGAVFGGRVARVYEFTQGCHMGILADKANGIMAAWQEESHLNRRFISHKPSKVLSPEYLWDDRRPQPPSLKLIRFSTLDKDTNWLR	MDPRDFWGKSAKLWLCPILLFVACLGFYSNVFSLTPRWQSKESQSPEAQQLQESSLQPESLPLSECDCHLDTCRIPEVPRLIYPKAQVLKPTRVDVLVMTPWFAPIIWDGTFDSAVLDAQFRNTTIGLTVFAIKKYTQFVQRFLESAERFFMQGYRVHYYIFTSDPGAVPGVPLGPGRLLSVIAIRRPSRWEEVSTRRMEAISQHIAARAHREVDYLFCLSVDMVFRNPWGPETLGDLVAAIHPGYFAAPRQQFPYERRHVSTAFVADSEGDFYYGGAVFGGRVARVYEFTQGCHMGILADKANGIMAAWQEESHLNRRFISHKPSKVLSPEYLWDDRRPQPPSLKLIRFSTLDKDTNWLRSQ
uniprot	GT6	GT6-Mix	tr|H2ZT23|H2ZT23_LATCH	Latimeria chalumnae	7897	Chordata	Metazoa	228	1	226	YTQFIKQFLETAEKHFMKGYSVNYYIFTDKPEEVPSIPLQPGHNLIIIQSPKYPTWQEISLRRMEIIGDNIKERFQKEVDYLFCLDIDMQFQNHFGIEALSELVAAIHPGYYNAPRNSFPYERRPISEAYVPADHGDFYYGGAIFGGLVSKVYEFTRTCKKGILKDDAKGIQAAWQEESHLNRYFIFNKPSKVLSIEYLWNDQAPKPPELKLARFATVPKNHKAVR	YTQFIKQFLETAEKHFMKGYSVNYYIFTDKPEEVPSIPLQPGHNLIIIQSPKYPTWQEISLRRMEIIGDNIKERFQKEVDYLFCLDIDMQFQNHFGIEALSELVAAIHPGYYNAPRNSFPYERRPISEAYVPADHGDFYYGGAIFGGLVSKVYEFTRTCKKGILKDDAKGIQAAWQEESHLNRYFIFNKPSKVLSIEYLWNDQAPKPPELKLARFATVPKNHKAVRDN
uniprot	GT6	GT6-Mix	tr|H3AP87|H3AP87_LATCH	Latimeria chalumnae	7897	Chordata	Metazoa	335	100	323	AVFAVGTYVKYLRKFIDSAEKYFMTGQFVTYYILTDNLRAIPSVHLGVSRELKPFHVAEKPDWVYLSKIRMSLLSSVIRELIQKEVDYVFTMDVDQIFVNSVGPEILGELVATLHPEFYNKPPETYPYERTSVSKAFVDSSKGDYYYTSELYGGLCQEVYKLAHTCSQFIMQDMEIDFYAILFEESYLNKYLVYKKPTKVLSPEYSWPAIKETSVVVHFHELIW	CKYCTVIICLLLLASFYFMYFLYVLLDYLHAQSLVMDKQCLLKYSVAIFLADYFKKHLHPKSSILQSATYWGAPIIWEKSLKISAKREEFEHTTVSVGLAVFAVGTYVKYLRKFIDSAEKYFMTGQFVTYYILTDNLRAIPSVHLGVSRELKPFHVAEKPDWVYLSKIRMSLLSSVIRELIQKEVDYVFTMDVDQIFVNSVGPEILGELVATLHPEFYNKPPETYPYERTSVSKAFVDSSKGDYYYTSELYGGLCQEVYKLAHTCSQFIMQDMEIDFYAILFEESYLNKYLVYKKPTKVLSPEYSWPAIKETSVVVHFHELIWGSHFSQLLKQRI
uniprot	GT6	GT6-Mix	tr|A0A0D2X1P0|A0A0D2X1P0_CAPO3	Capsaspora owczarzaki (strain ATCC 30864)	595528	Ichthyosporea	Protista	355	119	319	VTVTGRYMQFFKRFSTSAGSFFFPNHNVTIFVFTDQPLPPLDWGEISPTVKAIPKTRLPWPYDSLMRFGTLLQHAKEFEGMDYLYALDVDFAFNTYVCEDFLADLVGVQNGYHPGTKGTPDHNPASTAFIAPGTNTHYYAGGVYGGKHGRVFQVAEAVHSNIMTDMRNRVMALWHDESHLNRYFVDHPPSITLSAEYCYMP	MVALSGVSRRKRLALLCTAGFLISLVLSYLFAIRYIENQRRAEKEALHERVIEQFSHVPTAQCAMLRSNASENAHPDAGNAQAAPLVPGTDQLRPGNRLLTYNAACPVPKHTLNIGLVVTVTGRYMQFFKRFSTSAGSFFFPNHNVTIFVFTDQPLPPLDWGEISPTVKAIPKTRLPWPYDSLMRFGTLLQHAKEFEGMDYLYALDVDFAFNTYVCEDFLADLVGVQNGYHPGTKGTPDHNPASTAFIAPGTNTHYYAGGVYGGKHGRVFQVAEAVHSNIMTDMRNRVMALWHDESHLNRYFVDHPPSITLSAEYCYMPYTKWVPLVHSYAELGVVVPRIVHYEYLKADLREEYV
uniprot	GT6	GT6-Mix	tr|F1N6E8|F1N6E8_BOVIN	Bos taurus	9913	Chordata	Metazoa	335	113	334	TAFAVGKYTRFVQHFLESAERFFMQGYRVHYYIFTHDPQAIPQVPLGPGRRLSVIPVPGPSQWEEASMRRMEAISVHIAKRAHREVDYLFCLDVDMAFRNPWGPETLGDLVAAIHPDYFTVPRHQFPYERRPVSTAFVADGEGDFYYGRAVFGGCHMGILADKANGIMAACQEESHLNRRFLSHKPSKVLSPEYLWDDRKPQPPSLKLIRFSTLNKDTARLR	MHCLRLALGLGFCLLLGITLCSLWMYVENWLLVSYIPYYLPCPEIFNMKLQYEEEPSQPVAQSQYPQPKLLEQKPTELLTLTPWLAPIVSEGTFNAELLHHIYQPLNLTIGLTAFAVGKYTRFVQHFLESAERFFMQGYRVHYYIFTHDPQAIPQVPLGPGRRLSVIPVPGPSQWEEASMRRMEAISVHIAKRAHREVDYLFCLDVDMAFRNPWGPETLGDLVAAIHPDYFTVPRHQFPYERRPVSTAFVADGEGDFYYGRAVFGGCHMGILADKANGIMAACQEESHLNRRFLSHKPSKVLSPEYLWDDRKPQPPSLKLIRFSTLNKDTARLRS
uniprot	GT6	GT6-Mix	tr|L5K6I6|L5K6I6_PTEAL	Pteropus alecto	9402	Chordata	Metazoa	347	114	346	TVFAVGRYTCFVQHFLESAEQFFMHGYRVHYYIFTDDPAALPRVPLGAGRHLSVIPIQKHARWEEISTRRMETISQHIARRAHREVDYLFCLDVDMVFRNPWGPETLGDLVAAIHPGYYAVSRRHFPYERRPVSAAFVADGEGDFYYGGAVFGGRVARVYEFARGCHMGILADKANGIMAAWQEESHLNRRFISHKPSKVLSPEYLWDDKKPQPPSLKLIRFSTLDKDSDWLR	MRCHRLGLGLGLCLLAGTIFCALWVYVENWLPFSYVPYYLPCPEIFNMKLQYKEEKPFQPVAQSQYPQPKLLEQRPTELLTLTPWLAPIVSEGTFDPELLRHMYQPLNLTIGLTVFAVGRYTCFVQHFLESAEQFFMHGYRVHYYIFTDDPAALPRVPLGAGRHLSVIPIQKHARWEEISTRRMETISQHIARRAHREVDYLFCLDVDMVFRNPWGPETLGDLVAAIHPGYYAVSRRHFPYERRPVSAAFVADGEGDFYYGGAVFGGRVARVYEFARGCHMGILADKANGIMAAWQEESHLNRRFISHKPSKVLSPEYLWDDKKPQPPSLKLIRFSTLDKDSDWLRS
uniprot	GT6	GT6-Mix	tr|L1K0P3|L1K0P3_GUITH	Guillardia theta CCMP2712	905079	Cryptophyta	Protista	948	192	465	ASGRYNEFVLPLIKSAKEFFVSACCSLRIVIFTDQLDEHVERCQRETSACIGVVFVRREELGWPLSAMMRYRNFLDSWSLLEDADFLFSIDVDCEFVAPVGEEVLEDLVGTCHVDNAFYSGEEKLSAVTRMEGERRWEEGSMWSQAELIQARKRSKGQEHKNLRPSAAVYERRQASTAHIPPTRGQRYFYSGFFGGSRASFLKMIQYIVRAIEDDLARGVIARVHDESHVNKFFELFPPSCLLTAAYMYPEAAVLLDELLCAPLSFCPRDHMHP	MSTAMVTDRVHENLWWEEGLEWTEDMKVYYVSARKFEAVGKTQEAQELYASLIRKIARVESKSKDWRVHHFNLLAHQAHILPANESMQFYSQAMEDCILADELKSSSRWPGWGLSSCFAVVTSLALKLDAQDPGGQRLPSSQASSAFKLARRLSRRSELVWSLTWPKLTGRVSTPATSVRRAGKRVTLVSVASGRYNEFVLPLIKSAKEFFVSACCSLRIVIFTDQLDEHVERCQRETSACIGVVFVRREELGWPLSAMMRYRNFLDSWSLLEDADFLFSIDVDCEFVAPVGEEVLEDLVGTCHVDNAFYSGEEKLSAVTRMEGERRWEEGSMWSQAELIQARKRSKGQEHKNLRPSAAVYERRQASTAHIPPTRGQRYFYSGFFGGSRASFLKMIQYIVRAIEDDLARGVIARVHDESHVNKFFELFPPSCLLTAAYMYPEAAVLLDELLCAPLSFCPRDHMHPWIWRPWLPDAWPDPRTWTPDMWNSRPMMVPRILNLAKPKNSLITGGRGGDSVYRYRLWSSDMHIGPIGDVKRILRALGMEVTDKSLSSHCHVSRTCATDLKVLTPEALEEVIHLDGTRARRSRGEEVRERFFKAYRSDEEMAKVDMIICSHPLSMCELYLPLGKPMLLYSTTRFDLGKLTSREELERWIKTVRAIASKKTNLLLANNLYDAAYINYFTGITPDVIPSLCRTSHKLLLPPSRLQILLDVCDSQRCPPFRQQGVASLLRSLRAAGASAGYRGELVDLRELYPRYHPSDLVRHPAIVWLPYQVSVMSFFERRAMGIPVLVPSLRLLAAWHMQHGLVFERRADWQTAQRRRGSLLPPHPDASEAIKDWDPNDERNASAVLTWLSRADFYSMPHVLQFESLEHLFVLLETTNFSAVSASILRHHASLELDVHHKWKKAMRLTLGSRLPGSSSSRSSRSSRSSYREALAEEYPELTGLY
uniprot	GT6	GT6-Mix	tr|L8Y8A3|L8Y8A3_TUPCH	Tupaia chinensis	246437	Chordata	Metazoa	588	355	587	TLFAVGKYTSFVQRFLESAEKFFMCGYRVHYYVFTHDPTAIPWVPLGPDRLLSVIPIHGHSHWKEISTRRMETISRHIAERAHREVDYLFCLDVDMEFRNPWGPETLGDLVAAIHPGYYTTPRRHFPYERRPLSTAFVADDEGDFYYGGAVFGGQVAKVYEFTSGCHMGILADKANGLMAAWQEESHLNRRFIWYKPSKVLSPEYLWDDTKPQPPDLKLIRFSTLDKNIKWLR	KTQGSEAARPPKKKKKKTQKKLQEQEEKAEHKAKRLREKSPAASEAKKPLAAAAEGGASSSAGATAGGVATGSDSIFALDVLRQRLHEKIQEARGQGSTRELSATTLERRRRRKQERDRKKRKRKELRAKEKAAKSEESVGAPAPAPEEACKEPADLQGLIFNRLLERLQARQGRLEQLRDQDQGKAQELEAKMKWTNLLYKAEGVKIRDDEHLLQEALKRKEKRRAQRKRRWEKRSAQVVEKMQQRQDRRRQNLRKKKAARAEQRLQKARKKGRILPQDLERAGLDTMKLQDRGEKPFQPGARPQYPQPKLLEHRPSELLTLTPWLAPIVSEGTFNPELLQSIYQPLNLTVGVTLFAVGKYTSFVQRFLESAEKFFMCGYRVHYYVFTHDPTAIPWVPLGPDRLLSVIPIHGHSHWKEISTRRMETISRHIAERAHREVDYLFCLDVDMEFRNPWGPETLGDLVAAIHPGYYTTPRRHFPYERRPLSTAFVADDEGDFYYGGAVFGGQVAKVYEFTSGCHMGILADKANGLMAAWQEESHLNRRFIWYKPSKVLSPEYLWDDTKPQPPDLKLIRFSTLDKNIKWLRD
uniprot	GT6	GT6-Mix	tr|M3WRB6|M3WRB6_FELCA	Felis catus	9685	Chordata	Metazoa	352	119	351	TVFAVGKYTRFVQHFLESAEQFFMQGHRVHYYVFTNDPAAIPRVPLGPGRLLSIVLIQRHSRWEEISTRRMETISRHIAERAHREVDYIFCLDVDMVFRNPWGPETLGDLVAAIHPGYYAVPRQQFPYERRHASTAFVADDEGDFYYGGAVFGGRVARVYEFTRGCHMAILADKANGIMAAWQEESHLNRRFISYKPSRVLSPEYLWDDRKPQPPSLKLIRFSTLDKDSSWLR	MLYPAMRGHRLALGLGFCLLLGTALCSLWMYFENWLRVSYVPYYLPCPEIFNMKLQYKGQKPFQPVTQSLYPQPKLLEQRPAELLTLTPWLAPIVSEGTFNPELLQHIYQPLNLTIGLTVFAVGKYTRFVQHFLESAEQFFMQGHRVHYYVFTNDPAAIPRVPLGPGRLLSIVLIQRHSRWEEISTRRMETISRHIAERAHREVDYIFCLDVDMVFRNPWGPETLGDLVAAIHPGYYAVPRQQFPYERRHASTAFVADDEGDFYYGGAVFGGRVARVYEFTRGCHMAILADKANGIMAAWQEESHLNRRFISYKPSRVLSPEYLWDDRKPQPPSLKLIRFSTLDKDSSWLRS
uniprot	GT6	GT6-Mix	tr|U3JDR2|U3JDR2_FICAL	Ficedula albicollis	59894	Chordata	Metazoa	333	108	327	FAVEKYVQFIEGFMTSANKYFLAGHQVNFYLFTDSPEKVSHLQMAPENHLFVIPVQNGSRWQDISRCRMRIISSHIQKQFQHEVDYLYSMDINVQLLAHIGVEIIDALVATISSWQVTSQQENKAHGTRPEPQGDFHYTASFYGGSVSEVHKLTTACFRGLGEDRENGIEAWGHHERHLNKYLLQHKPTRLLSPEYYWDTELSPSVIHVKRMCSVHRDSQ	VMNLKFKRLKVQDSIFISPPLPHLKNFPLLACLICYFKNTDRSGQLGAMNEQEFPGPSKHFILNPCRRQDVLVLTPWLAPIVWEGTFSRDILNAQYLQKNLVTGVVTFAVEKYVQFIEGFMTSANKYFLAGHQVNFYLFTDSPEKVSHLQMAPENHLFVIPVQNGSRWQDISRCRMRIISSHIQKQFQHEVDYLYSMDINVQLLAHIGVEIIDALVATISSWQVTSQQENKAHGTRPEPQGDFHYTASFYGGSVSEVHKLTTACFRGLGEDRENGIEAWGHHERHLNKYLLQHKPTRLLSPEYYWDTELSPSVIHVKRMCSVHRDSQRCSCQS
uniprot	GT6	GT6-Mix	tr|U3IAU4|U3IAU4_ANAPL	Anas platyrhynchos	8839	Chordata	Metazoa	341	110	341	AAFAVGKYTRFVGRFLESAEKHFMKGYRVNYYIFTDDPETIPNVQLQPGRRFVIVPVKKYPSWQELSMRRMEAINKHIAETSHQEVDYLFCLHVDMVFCNAWGPETLGDMVAAIHPGYFNVPRSQFPYERRSSSAAYIPDGEGDFYYGGAVFGGLVRKVYEFTKTCHMTILTDKANGIMAAWKEESHLNRHFLSHKPSKVLSPEYLWDDRKPKPPEIHLIRFSTVDKNYKEI	MVSRKVVGSLVCLSVVITLIWITVGNGKVHYLPYYLPCPEIFSMKLQYTEEKPIQLFPQLFYQQPRVLAPKRQDVLTVTPWLAPIIWDGTFSPEILDSAYLPLNLTIGVAAFAVGKYTRFVGRFLESAEKHFMKGYRVNYYIFTDDPETIPNVQLQPGRRFVIVPVKKYPSWQELSMRRMEAINKHIAETSHQEVDYLFCLHVDMVFCNAWGPETLGDMVAAIHPGYFNVPRSQFPYERRSSSAAYIPDGEGDFYYGGAVFGGLVRKVYEFTKTCHMTILTDKANGIMAAWKEESHLNRHFLSHKPSKVLSPEYLWDDRKPKPPEIHLIRFSTVDKNYKEI
uniprot	GT6	GT6-Mix	tr|W5LTG6|W5LTG6_ASTMX	Astyanax mexicanus	7994	Chordata	Metazoa	287	46	267	AILAVGKYNHFLRRLLSTAELHFLLNFYVTYYVLTDRPKELDPLPKLGSNRELKVIPVAEMPGWDTLGLRRMALLASLIGDRIHLEVDYVFCIDVDQEFTNAVGAEILGKLTATLHPVFYGQQRYYYPYEKDLDSMAYIAEGEGDYYYTSEFYGGLCSEMLALTRACSLLILQDQERGVKAQELEESYLNRYLVNRRPTCVLSPEYSWWDSPQAPEVPTQRL	RRGPPVEGEEFPMKTPWGAPLVWGDSESSAWRRDEFAHHSIRTGLAILAVGKYNHFLRRLLSTAELHFLLNFYVTYYVLTDRPKELDPLPKLGSNRELKVIPVAEMPGWDTLGLRRMALLASLIGDRIHLEVDYVFCIDVDQEFTNAVGAEILGKLTATLHPVFYGQQRYYYPYEKDLDSMAYIAEGEGDYYYTSEFYGGLCSEMLALTRACSLLILQDQERGVKAQELEESYLNRYLVNRRPTCVLSPEYSWWDSPQAPEVPTQRLHSIGRQCLSTGKTGGNTDAC
uniprot	GT6	GT6-Mix	tr|W5LXG5|W5LXG5_LEPOC	Lepisosteus oculatus	7918	Chordata	Metazoa	227	46	225	TVFAVGKYRHQPFSLRRMEIIRKTIEEQIRREAKYIYCLDVDMLFHDRVGAEVLDELVAALHAWFYQEDRNRFPYERRPASAANVPLDQGDFYYQAAVFGGLVDNVYQLVKTCEENLLVDKRNDIEAAWQEESHLNKYLIRHKPTKLLSPEYMWDDNKQRGNEVKVIRFSTLNKNLAEVR	SPLSCPRRRDVLTITPWLAPIVWEGTFDPLIVDGLYKPLDLTIATTVFAVGKYRHQPFSLRRMEIIRKTIEEQIRREAKYIYCLDVDMLFHDRVGAEVLDELVAALHAWFYQEDRNRFPYERRPASAANVPLDQGDFYYQAAVFGGLVDNVYQLVKTCEENLLVDKRNDIEAAWQEESHLNKYLIRHKPTKLLSPEYMWDDNKQRGNEVKVIRFSTLNKNLAEVRDN
uniprot	GT6	GT6-Mix	tr|W5LZQ2|W5LZQ2_LEPOC	Lepisosteus oculatus	7918	Chordata	Metazoa	337	100	325	VFVVGKYSHYLQRFVTSAERYFLEGHVVTYYILTDNLRGVTPLSLRAGRELKAFYIAERPDWVHLSKTRMSLLGSAIKELIRHDVDYVFCADVDQEFINPVGAEILGDLVATFHPQYYNRPLYTFPYEKREDSKAFVDDSEGDYYYTSEFFGGLRAEVYQLALVCSRFILQDMEKSFHAFQFEESYLNRYLINSRPTRVLSPEYSWWDAPGTPDIPVKRILSLQRG	MGRLLHKMGLSGLERLTRRQAVLLCCGLAGLIYFLQPHLFQRSAREPPTVSYTPDSGERGPGPVLNLTTWGAPVVWGGSLESQRRRREFETQAVRTGLVVFVVGKYSHYLQRFVTSAERYFLEGHVVTYYILTDNLRGVTPLSLRAGRELKAFYIAERPDWVHLSKTRMSLLGSAIKELIRHDVDYVFCADVDQEFINPVGAEILGDLVATFHPQYYNRPLYTFPYEKREDSKAFVDDSEGDYYYTSEFFGGLRAEVYQLALVCSRFILQDMEKSFHAFQFEESYLNRYLINSRPTRVLSPEYSWWDAPGTPDIPVKRILSLQRGCLRGPESRESYC
uniprot	GT6	GT6-Mix	tr|W5M9D0|W5M9D0_LEPOC	Lepisosteus oculatus	7918	Chordata	Metazoa	283	49	281	TVFAVGKYTRFLKAFLVTAEKHYLVGFRVQYYIFTDQPHEVPKVPLGSGRNLTTIQVSKLDRWQEISLQRMGIILKTIEEQIHKEAQYIYCLDVDMLFHSRWGAEVFGDLVAAIHPGYYKVSRENFPYERRPASQANIPLDQGDFYYGGAVFGGLAENVYRLTRTCYRNILVDKANNIEAVWQEESHLNKYFIYNKPTTLLSPEYLWDDEKPQPQEIKLIRFSTVKKNYAEVR	SFPEQGLCSRRRDVRTVTPWLAPIVWEGTFDPFVIDNIYKPLNITVATTVFAVGKYTRFLKAFLVTAEKHYLVGFRVQYYIFTDQPHEVPKVPLGSGRNLTTIQVSKLDRWQEISLQRMGIILKTIEEQIHKEAQYIYCLDVDMLFHSRWGAEVFGDLVAAIHPGYYKVSRENFPYERRPASQANIPLDQGDFYYGGAVFGGLAENVYRLTRTCYRNILVDKANNIEAVWQEESHLNKYFIYNKPTTLLSPEYLWDDEKPQPQEIKLIRFSTVKKNYAEVRDN
uniprot	GT6	GT6-Mix	tr|A0A1S3A1M6|A0A1S3A1M6_ERIEU	Erinaceus europaeus	9365	Chordata	Metazoa	347	114	346	TVFAVGKYTYFVQNFLKSAERFFMLGYQVHYYIFTDKPSAIPQVPLGPGRLLSITPILKHSRWEEVSTRRMETISLHIAQKAHREVDYIFCLDVDMVFHNPWGPETLGDLIATIHPGYYAVPRQQFPYERRHTSTAFVPEDEGDFYYGGAVFGGRVARVYEFTRGCHMAILADKANGIMATWQEESHLNRRFISHKPSKVLSPEYLWDDRKPQPPSLKVIRFSSLDKTTSWLR	MRCHLLAIGLGLCLVVGTAIWALWVSVENWLPFSYVPFYLPCPKIFNMKLQYKGEKPFQPGAQSQYPQPKLLEHRPTELLTLTPWLAPIVSEGTFNPELLQSMYQPLNLTIGLTVFAVGKYTYFVQNFLKSAERFFMLGYQVHYYIFTDKPSAIPQVPLGPGRLLSITPILKHSRWEEVSTRRMETISLHIAQKAHREVDYIFCLDVDMVFHNPWGPETLGDLIATIHPGYYAVPRQQFPYERRHTSTAFVPEDEGDFYYGGAVFGGRVARVYEFTRGCHMAILADKANGIMATWQEESHLNRRFISHKPSKVLSPEYLWDDRKPQPPSLKVIRFSSLDKTTSWLRS
uniprot	GT6	GT6-Mix	tr|A0A1S3FLQ8|A0A1S3FLQ8_DIPOR	Dipodomys ordii	10020	Chordata	Metazoa	347	114	346	TMFAVGKYRPFVQHFLESAEEFFMRGFQVHYYIFTPKPEAVPSVPLGPGRHLSVIPTQDHSHWEEISMRRMEMISKHIAGRAHREVDYLFCLHADMTFRNPWGPETLGDMVAAIHPGYFSVLRQQFPYERRRASTAYVADNEGDFYYGGAVFGGRVANVYEFTRGCHMAILADKANGIVAAWQEESHLNRRFISHKPSKVLSPEYLWDDRKPRPPSLKLIRFSTLDKETSVLR	MFHWKLALVLGLCLPASLSLWVLWVYVENWMPVSYIPYYLPCPEIFNMKLQYKGAEPAQPVGGLEYLQPKLLEQRPTELLMLTPWLAPIVSEGTFNPELLQHLYQPLNLTIGVTMFAVGKYRPFVQHFLESAEEFFMRGFQVHYYIFTPKPEAVPSVPLGPGRHLSVIPTQDHSHWEEISMRRMEMISKHIAGRAHREVDYLFCLHADMTFRNPWGPETLGDMVAAIHPGYFSVLRQQFPYERRRASTAYVADNEGDFYYGGAVFGGRVANVYEFTRGCHMAILADKANGIVAAWQEESHLNRRFISHKPSKVLSPEYLWDDRKPRPPSLKLIRFSTLDKETSVLRS
uniprot	GT6	GT6-Mix	tr|A0A1S3L2V2|A0A1S3L2V2_SALSA	Salmo salar	8030	Chordata	Metazoa	280	43	277	TVFAVGKYTRFLRDFLESAEKHFMVGLDVHYYVFTDLPGDVPSNVTLGVGRLLSIVRVPKFDRWQEISLRRMELIQTAIEDHIHREAHYIFCLDVDMRFHGRVGSEALGRLVAAIHPWFYMYPRSQYPYERRTVSTASVPQDQGDFYYQANIFGGALEDVHRLTKTCREHLEVDKSMGVEAVWQEESHLNWYLVKNKPTKLLSPEYVWDDARGQDTKEIKLVRFSSVIKNKAEVR	MEPVRTDVLTVTPWLAPIVWEGTFDPLVIDEAFRSHNLTIATTVFAVGKYTRFLRDFLESAEKHFMVGLDVHYYVFTDLPGDVPSNVTLGVGRLLSIVRVPKFDRWQEISLRRMELIQTAIEDHIHREAHYIFCLDVDMRFHGRVGSEALGRLVAAIHPWFYMYPRSQYPYERRTVSTASVPQDQGDFYYQANIFGGALEDVHRLTKTCREHLEVDKSMGVEAVWQEESHLNWYLVKNKPTKLLSPEYVWDDARGQDTKEIKLVRFSSVIKNKAEVRENP
uniprot	GT6	GT6-Mix	tr|A0A1S3LB74|A0A1S3LB74_SALSA	Salmo salar	8030	Chordata	Metazoa	352	113	338	LAVGPYGHFLRRFLSSAELYFLPGNTVVYYVLTDSPRNLDPPTPLGPGRELRVVPVAEMPGWERLAQGRMALLAATIKEPVRHEVEYVFCMDVDQELVAPVGAEILGELVAALHPELYGIPRHSFPYEREPASLAHVEEDEGDYYYTSELYGGLCAEVYAMAQACSQLILQDQEKGLRARGLEESYLNRYLINRRPTCVLSPEYSWWDSALAADVPTRRVVSLGRQ	MVLFPLCKLLSGSVRVTKKQLVLYCLLLSLLVYFLRWRRAVLKVDTHPLPLSQEAESGSEVRDIGVGSVEEQQQRLPLETSWGAPLVWGDSDGSAWRRAEFAHRSVRTGLLTLAVGPYGHFLRRFLSSAELYFLPGNTVVYYVLTDSPRNLDPPTPLGPGRELRVVPVAEMPGWERLAQGRMALLAATIKEPVRHEVEYVFCMDVDQELVAPVGAEILGELVAALHPELYGIPRHSFPYEREPASLAHVEEDEGDYYYTSELYGGLCAEVYAMAQACSQLILQDQEKGLRARGLEESYLNRYLINRRPTCVLSPEYSWWDSALAADVPTRRVVSLGRQCDTLEPQKRQEQNC
uniprot	GT6	GT6-Mix	tr|A0A1S3QCL4|A0A1S3QCL4_SALSA	Salmo salar	8030	Chordata	Metazoa	348	113	345	TVFAVGKYVRFLQDFLETAEKHFMVDFNVRYYVFTDRPDDVPSVNLSQGRHLSVIQVPGSNRWQEISARRMEIIQTAIERQISREADYIFCLDVDSKFHARWGAESLGRLVAVIHPWFYQQTRDHFTSERRPASTAYIPMDEGDYYYAGAVFGGSVEDVYTLTKVCRNQLEEDARNSIEAAWQEESHLNRYLLYNKPSKLLSPEYQWDDKKTKTNEVKVIRFSSIVKNYAEIR	MRFSSNVKQFVLLIIVGIFLLLGYMVFNHFNERQNMVWFDTSKIHIPVDEDQRNTSLSKPIFRSRVQNIVSPESRTDVVAVTPWLAPIVWEGTFDPNLVDIIYKSMNLTIATTVFAVGKYVRFLQDFLETAEKHFMVDFNVRYYVFTDRPDDVPSVNLSQGRHLSVIQVPGSNRWQEISARRMEIIQTAIERQISREADYIFCLDVDSKFHARWGAESLGRLVAVIHPWFYQQTRDHFTSERRPASTAYIPMDEGDYYYAGAVFGGSVEDVYTLTKVCRNQLEEDARNSIEAAWQEESHLNRYLLYNKPSKLLSPEYQWDDKKTKTNEVKVIRFSSIVKNYAEIRPNE
uniprot	GT6	GT6-Mix	tr|A0A1S3QH06|A0A1S3QH06_SALSA	Salmo salar	8030	Chordata	Metazoa	285	50	282	TVFAVGKYVRFLQDFLETAEKHFMVDFNVRYYVFTDRPDDVPSVNLSQGRHLSVIQVPGSNRWQEISARRMEIIQTAIEHQISREGDYIFCLDVDSKFHARWGAESLGRLVAVIHPWFYQATRDLFTYERRPASTAYIPMDEGDYYYAGAVFGGSVEDVYTLTKVCRNQLEEDARNSIEAAWQEESHLNRYLLYNKPSKLLSPEYQWDDKKTKTNEVKVIRFSSIVKNYAEIR	LLYKQPSVLVGRTDVVAVTPWLAPIVWEGTFDPNLVDIIYKSMNLTIATTVFAVGKYVRFLQDFLETAEKHFMVDFNVRYYVFTDRPDDVPSVNLSQGRHLSVIQVPGSNRWQEISARRMEIIQTAIEHQISREGDYIFCLDVDSKFHARWGAESLGRLVAVIHPWFYQATRDLFTYERRPASTAYIPMDEGDYYYAGAVFGGSVEDVYTLTKVCRNQLEEDARNSIEAAWQEESHLNRYLLYNKPSKLLSPEYQWDDKKTKTNEVKVIRFSSIVKNYAEIRPNV
uniprot	GT6	GT6-Mix	tr|A0A1S3QIX2|A0A1S3QIX2_SALSA	Salmo salar	8030	Chordata	Metazoa	292	89	289	PKVARGGPRLLVVAQGGWWWPNSLLSTLYRWQEISARRMEIIQTAIEHQISREADYIFCLDVDSKFHARWGAESLGRLVAVIHPWFYQATRDLFTYERRPASTAYIPMDEGDYYYAGAVFGGSVEDVYTLTKVFRNQLEEDARNSIEAAWQEESHLNRYLLYNKPSKLLSPEYQWDDKKTKTNEVKVIRFSSVIKNYAEIR	MVNFRLLYKQPSVLVGRTDVVAVTPWLAPIVWEGTFDPDLVDIIYKSMNLTIATTVFAVGNCSGGWWWTKVAGGGPMWLVVAKGGSWWPKVARGGPRLLVVAQGGWWWPNSLLSTLYRWQEISARRMEIIQTAIEHQISREADYIFCLDVDSKFHARWGAESLGRLVAVIHPWFYQATRDLFTYERRPASTAYIPMDEGDYYYAGAVFGGSVEDVYTLTKVFRNQLEEDARNSIEAAWQEESHLNRYLLYNKPSKLLSPEYQWDDKKTKTNEVKVIRFSSVIKNYAEIRANV
uniprot	GT6	GT6-Mix	tr|A0A1S3QJE2|A0A1S3QJE2_SALSA	Salmo salar	8030	Chordata	Metazoa	285	50	282	TVFAVGKYVRFLQDFLETAEKHFMVDFNVRYYVFTDRPDDVPSVNLSQGRHLSVIQVPGSNRWQEISARRMEIIQTAIERQISREADYIFCLDVDSKFHARWGAESLGRLVAVIHPWFYQATRDLFTYERRPASTAYIPMDEGDYYYAGAVFGGSVEDVYTLTKVCRNQLEEDARNSIEAAWQEESHLNRYLLYNKPSKLLSPEYQWDDKKTKTNEVKVIRFSSVIKNYAEIR	LLYKQPSVLVGRTDVVAVTPWLAPIVWEGTFDPDLVDIIYKSMNLTIATTVFAVGKYVRFLQDFLETAEKHFMVDFNVRYYVFTDRPDDVPSVNLSQGRHLSVIQVPGSNRWQEISARRMEIIQTAIERQISREADYIFCLDVDSKFHARWGAESLGRLVAVIHPWFYQATRDLFTYERRPASTAYIPMDEGDYYYAGAVFGGSVEDVYTLTKVCRNQLEEDARNSIEAAWQEESHLNRYLLYNKPSKLLSPEYQWDDKKTKTNEVKVIRFSSVIKNYAEIRPNV
uniprot	GT6	GT6-Mix	tr|A0A1S3QKI7|A0A1S3QKI7_SALSA	Salmo salar	8030	Chordata	Metazoa	280	43	277	TVFAVGKYTHFLRDFLESAEKHFMVGLDVHYYVFTDLPGDVPSNITLGVGRLLSIVKVMKFDRWQEISLRRMELIQTAIEDHIHREAHYIFCLDVDMRFHGRVGSEALGRLVAAIHPWFYIYPRSKYPYERRTVSTASVPQDQGDFYYQANIFGGALEDVHRLTKTCREHLEVDKSVGVEAVWQEESHLNWYLVKNKPTKLLSPEYVWDDARGGKAKEIKLVRFSSVIKNKAAVR	MEPVRTDVLTVTPWLAPIVWEGTFDPLVIDEAFRSHNLTIATTVFAVGKYTHFLRDFLESAEKHFMVGLDVHYYVFTDLPGDVPSNITLGVGRLLSIVKVMKFDRWQEISLRRMELIQTAIEDHIHREAHYIFCLDVDMRFHGRVGSEALGRLVAAIHPWFYIYPRSKYPYERRTVSTASVPQDQGDFYYQANIFGGALEDVHRLTKTCREHLEVDKSVGVEAVWQEESHLNWYLVKNKPTKLLSPEYVWDDARGGKAKEIKLVRFSSVIKNKAAVRENP
uniprot	GT6	GT6-Mix	tr|A0A1S3QNJ4|A0A1S3QNJ4_SALSA	Salmo salar	8030	Chordata	Metazoa	287	52	284	TVFAVGKYVRFLQDFLETAEKHFMVDFNVRYYVFTDRPDDVPSVNLSQGRHLSVIQVPGSNRWQEISARRMEIIQTAIERQISREADYIFCLDVDSKFHARWGAESLGRLVAVIHPWFYQATRDLFTYERRPASTAYIPMDEGDYYYAGAVFGGSVEDVYTLTKVCRNQLEEDARNSIEAAWQEESHLNRYLLYNKPSKLLSPEYQWDDKKTKTNEVKVIRFSSVIKNYAEIR	TTQSGLILFCFFSRIDVVAVTPWLAPIVWEGTFDPDLVDIIYKSMNLTIATTVFAVGKYVRFLQDFLETAEKHFMVDFNVRYYVFTDRPDDVPSVNLSQGRHLSVIQVPGSNRWQEISARRMEIIQTAIERQISREADYIFCLDVDSKFHARWGAESLGRLVAVIHPWFYQATRDLFTYERRPASTAYIPMDEGDYYYAGAVFGGSVEDVYTLTKVCRNQLEEDARNSIEAAWQEESHLNRYLLYNKPSKLLSPEYQWDDKKTKTNEVKVIRFSSVIKNYAEIRPNV
uniprot	GT6	GT6-Mix	tr|A0A1S3R686|A0A1S3R686_SALSA	Salmo salar	8030	Chordata	Metazoa	330	95	327	TVFAVGKYVRFLQDFLETAEKHFMVGFNVHYYVFTDRPHDVPSVNLAQGRHLSVIQVPGSNRWQEISARRMEIIQTTIERQIRREADYIFCLDVDSKFHARWGSESLGRLVAVIHPGYYEETRDSFPYERRPASTAYIRMDEGDYYYGGAMFGGFVEDVYTLTKVCRKRFEEDAGNSIEAAWQEESHLNRYLLDNKPSKVLSPEYLWQDLKAKTKEVKVIRFSGVIKNYAEVR	MRYIKPYVLLVIVGTFSLLGYVYFSFFSERLNRQITIDEDQKGSRLLYKQPSILDGRTDVVSVTPWLAPIVWEGTFDPVLIDNIYKPMNLTIATTVFAVGKYVRFLQDFLETAEKHFMVGFNVHYYVFTDRPHDVPSVNLAQGRHLSVIQVPGSNRWQEISARRMEIIQTTIERQIRREADYIFCLDVDSKFHARWGSESLGRLVAVIHPGYYEETRDSFPYERRPASTAYIRMDEGDYYYGGAMFGGFVEDVYTLTKVCRKRFEEDAGNSIEAAWQEESHLNRYLLDNKPSKVLSPEYLWQDLKAKTKEVKVIRFSGVIKNYAEVRPNV
uniprot	GT6	GT6-Mix	tr|A0A1S3RQ01|A0A1S3RQ01_SALSA	Salmo salar	8030	Chordata	Metazoa	351	114	348	TVFAVGKYIRFLRDFLESAEKHFMVGLDVHYYVFTDLPGDVPDNVTLGVGRLLSIVKVQKFDRWQEISLRRMEHIQTAIKDQIHREAHYIFCMDVDMRFHGRVGPEALGRLVAAIHPWFYTYTRNQYPYERRTVSKAYIPLDQGDFYYQANIFGGMLEDIQRLTKTCREHLEVDKSKGVEAVWQEESHLNWYLLRNKPTKLLSPEYVWDDAKEQAAKEIKLVRFSSVIKDKEEVR	MAVGRFQVVGNCCCTTASERMRGYAYFLLFLVVVVGTTICWLVFSYDAVSLKQVPPHVVLNDRLQSKQVKLMEPVRTDVLTVTPWLAPIVWEGTFDPQVIDTAFISQHLTIATTVFAVGKYIRFLRDFLESAEKHFMVGLDVHYYVFTDLPGDVPDNVTLGVGRLLSIVKVQKFDRWQEISLRRMEHIQTAIKDQIHREAHYIFCMDVDMRFHGRVGPEALGRLVAAIHPWFYTYTRNQYPYERRTVSKAYIPLDQGDFYYQANIFGGMLEDIQRLTKTCREHLEVDKSKGVEAVWQEESHLNWYLLRNKPTKLLSPEYVWDDAKEQAAKEIKLVRFSSVIKDKEEVRDNL
uniprot	GT6	GT6-Mix	tr|A0A1S3S6F4|A0A1S3S6F4_SALSA	Salmo salar	8030	Chordata	Metazoa	351	116	348	TVFAVGKYVSFLRDFLETAEKHFMVGFNVRYYVFTDRPHDVPSVNLTQGRHLSVIQVPGSNRWQEISARRMEIIQTTIESQISREADYIFCLDVDSKFHARWGAESLGRLVAVIHPGYYEQTRGSFPYERRPASMAYIPMDEGDYYYGGAMIGGFVEDVYTLTKVCRHRFEVDAGNSIEAAWQEESHLNRYLLYNKPSKVLSPEYLWQDFKAKTKEVKVIRFSGVIKNYAEVR	MRFSSNVKLYVLLLVVGIFLLLGYVYFSFFSEKLNRDIPVDEYQKNNSLSKPMVRSRVRNMVSSEKLLYKQPSILVGRTDVVTVTPWLASIIWEGTFDPVLVDNIYKPMNLTIATTVFAVGKYVSFLRDFLETAEKHFMVGFNVRYYVFTDRPHDVPSVNLTQGRHLSVIQVPGSNRWQEISARRMEIIQTTIESQISREADYIFCLDVDSKFHARWGAESLGRLVAVIHPGYYEQTRGSFPYERRPASMAYIPMDEGDYYYGGAMIGGFVEDVYTLTKVCRHRFEVDAGNSIEAAWQEESHLNRYLLYNKPSKVLSPEYLWQDFKAKTKEVKVIRFSGVIKNYAEVRPNV
uniprot	GT6	GT6-Mix	tr|A0A1S3SHW7|A0A1S3SHW7_SALSA	Salmo salar	8030	Chordata	Metazoa	363	124	356	TVFAVGKYVRFLRDFLETAEKHFMVDFKVHYYIFTDRREDVPAVVLAPGRNVTIIPVPGSNRWQEISSRRMEMIQTTIENQIGKEADYIFCLDVDTKFHGRWGAETLSRLVATIHPGYYEQTHEHYPYERRLASRAYIPAGEGDYYYGGATIAGYVGDVHKLAKYCREQLEADAANSIEATWQEESHLNRYLLYNKPTKILSPEYLWQDFKAKTNEVQIIRFSQVNKNYAEVR	MRFFTNIRPSITLPLLGILLLGVLVLTYCYSSFSEMKNKDVRILEVLGLCQQDPVNFRRENWSCRTRDMLSPQGLLYKQPSVLKGRTNVLTVTPWLAPIVWEGTFNPLIVDSIYKPMHLSIATTVFAVGKYVRFLRDFLETAEKHFMVDFKVHYYIFTDRREDVPAVVLAPGRNVTIIPVPGSNRWQEISSRRMEMIQTTIENQIGKEADYIFCLDVDTKFHGRWGAETLSRLVATIHPGYYEQTHEHYPYERRLASRAYIPAGEGDYYYGGATIAGYVGDVHKLAKYCREQLEADAANSIEATWQEESHLNRYLLYNKPTKILSPEYLWQDFKAKTNEVQIIRFSQVNKNYAEVRPNVKKRK
uniprot	GT6	GT6-Mix	tr|B5X0T3|B5X0T3_SALSA	Salmo salar	8030	Chordata	Metazoa	333	98	330	TVFAVGKYVRFLQDFLETAEKHFMVGFNVHYYVFTDRPHDVPSVNLAQGRHLSVIQVPGSNRWQEISARRMEIIQTTIERQIRREADYIFCLDVDSKFHARWGSESLGRLVAVIHPGYYEETRDSFPYERRPASTAYIRMDEGDYYYGGAMFGGFVEDVYTLTKVCRKRFEEDAGNSIEAAWQEESHLNRYLLDNKPSKVLSPEYLWQDLKAKTKEVKVIRFSGVIKNYAEVR	MRFSSNVKPYVLLLIAGIFSLLGYVYFSFFSERLNRQITIDEDQKGSRLLYKQPSILDGRTDVVSVTPWLAPIVWEGTFDPVLIDNIYKPMNLTIATTVFAVGKYVRFLQDFLETAEKHFMVGFNVHYYVFTDRPHDVPSVNLAQGRHLSVIQVPGSNRWQEISARRMEIIQTTIERQIRREADYIFCLDVDSKFHARWGSESLGRLVAVIHPGYYEETRDSFPYERRPASTAYIRMDEGDYYYGGAMFGGFVEDVYTLTKVCRKRFEEDAGNSIEAAWQEESHLNRYLLDNKPSKVLSPEYLWQDLKAKTKEVKVIRFSGVIKNYAEVRPNV
uniprot	GT6	GT6-Mix	tr|A0A1A6HTP5|A0A1A6HTP5_NEOLE	Neotoma lepida	56216	Chordata	Metazoa	347	114	346	TVFAVGKYTCFIXSFLESAEEFFMRGYQVHYYLFTHDPAAVPRVLLGPGRLLSIIPIQGHSHWEEISMRRMETISKLIAQRAHQEVDYLFCLDVDMVFHNPWGPETLGDLVAAIHPGYFDVPRRQFPYERRQVSAAFVADSEGDFYYGGAVFGGRVARVYEFTRGCHMAILADKANGIMAAWQEESHLNRHFIWHKPTTVLSPEYLWDDRKPQPPSLKLIRFSTVDKDTNWLR	MMTHRRLALGLAFCLLASTGFWIWRYVRDWMPVSYIPYYLPCPKLFNMKLQFRQEKLFQPTTQLQYPQPXLLQHRPTELLTLTPWLAPIISEGTFNPELLQDMYRPLNLTIGVTVFAVGKYTCFIXSFLESAEEFFMRGYQVHYYLFTHDPAAVPRVLLGPGRLLSIIPIQGHSHWEEISMRRMETISKLIAQRAHQEVDYLFCLDVDMVFHNPWGPETLGDLVAAIHPGYFDVPRRQFPYERRQVSAAFVADSEGDFYYGGAVFGGRVARVYEFTRGCHMAILADKANGIMAAWQEESHLNRHFIWHKPTTVLSPEYLWDDRKPQPPSLKLIRFSTVDKDTNWLRN
uniprot	GT6	GT6-Mix	tr|A0A1L8GG16|A0A1L8GG16_XENLA	Xenopus laevis	8355	Chordata	Metazoa	344	112	343	VFAVKKYIQFLLPFLKSAEKHFMVGYKVTYYVFTDNTAAVQKLRLGAGRTLKLLKVKADNRWQDISMRRMQILVNLTLDQLPKEVDYLMCADVDMVFNDRVGVEILGDLVATIHPGFFISQTYQFSYDRNPASAAYIPFGQGDFYYMAAFYGGTVKEINKLSTFCHKGIVSDKQKNIEARWQEESHLNKYLLYNKPTKLLSPEYIWDTTLTNGDLVKRRRFLTVQKNHSEVR	MELSPAFMKTMKPKPWVLGSLMVFMLFLLLFFIQNTRYVFPEDTNNYFIDEENLKMETKQCERKLLLRRPDIRRKAALQVISPWLAPIVWDGTYDLQILNKQFKGKRIGLFVFAVKKYIQFLLPFLKSAEKHFMVGYKVTYYVFTDNTAAVQKLRLGAGRTLKLLKVKADNRWQDISMRRMQILVNLTLDQLPKEVDYLMCADVDMVFNDRVGVEILGDLVATIHPGFFISQTYQFSYDRNPASAAYIPFGQGDFYYMAAFYGGTVKEINKLSTFCHKGIVSDKQKNIEARWQEESHLNKYLLYNKPTKLLSPEYIWDTTLTNGDLVKRRRFLTVQKNHSEVRN
uniprot	GT6	GT6-Mix	tr|A0A1U7T1G5|A0A1U7T1G5_TARSY	Tarsius syrichta	1868482	Chordata	Metazoa	347	114	342	TVFAVGKYTHFVQLFLESAEEFFMRGYRVCFYIFTDDPTAIPRVPLGPGRHLSVIPIQGHSHWEEISMRRMETISQHIARRAHREVDYLFCLDVDMVFRNPWGPETLGDLVAAIHPGYYAVPRLQFPYERRHVSAAFVADSEGDFYYGGAVFGGQVAKVYEFTRACHMAILADKANGIMAAWQEESHLNRRFISHKPSKVLSPEYLWDDRKPQPPSLKLIRFSTLDKDT	MHRRRLALGLGFCLLVGTSLSVLWVYIENWLPVSYVPYYLPCPEIFNMKLQYKEEKPLLLVTQTQYPQPKLLEHRPTELLTLTPWLAPIVSEGTFNPELLQHIYQPLNLTIGVTVFAVGKYTHFVQLFLESAEEFFMRGYRVCFYIFTDDPTAIPRVPLGPGRHLSVIPIQGHSHWEEISMRRMETISQHIARRAHREVDYLFCLDVDMVFRNPWGPETLGDLVAAIHPGYYAVPRLQFPYERRHVSAAFVADSEGDFYYGGAVFGGQVAKVYEFTRACHMAILADKANGIMAAWQEESHLNRRFISHKPSKVLSPEYLWDDRKPQPPSLKLIRFSTLDKDTSWLKS
uniprot	GT6	GT6-Mix	tr|A0A1U7SZB3|A0A1U7SZB3_ALLSI	Alligator sinensis	38654	Chordata	Metazoa	231	32	228	TASAIEKYVKFVDHFLESVEKHFMEGYQVNYYIFTDHPQAVPRAILQPAQSLFMVPIRKYSHWQKIAMCRMEAINRHIAETVHWEVDRWILMFCLDIATVFHNPWGAETLGEVVVAIYPGYFNIPQRQFSYERRSASATFIPDGEGNFYYGGAVIGGLVKKVYDITXMCHITLLADETKGIMAAWQESHLNRYVLSH	MLWLAHNVWERSFSSEILDSAYKPLNLPIRMTASAIEKYVKFVDHFLESVEKHFMEGYQVNYYIFTDHPQAVPRAILQPAQSLFMVPIRKYSHWQKIAMCRMEAINRHIAETVHWEVDRWILMFCLDIATVFHNPWGAETLGEVVVAIYPGYFNIPQRQFSYERRSASATFIPDGEGNFYYGGAVIGGLVKKVYDITXMCHITLLADETKGIMAAWQESHLNRYVLSHNTA
uniprot	GT6	GT6-Mix	tr|A0A1U7QT37|A0A1U7QT37_MESAU	Mesocricetus auratus	10036	Chordata	Metazoa	345	112	344	TVFAVGKYTCFIRPFLESAEKFFMRGYQVHYYLFTHDPAAVPKVPLGPGRLLSIIPIQGHSQWEEISMRRMETISKLIAKRAHQEVDYLFCLDVDMVFRNPWGPETLGDLVAAIHPGYFAVSRQQFPYERRQVSAAFVAYNEGDFYYGGAVFGGRVARVYEFTRGCHTAILADKANGIMAAWQEESHLNRRFIWHKPSTVLSPEYLWDDRKPQPPSLKLIRFSTVDKDTSWLR	MTCRRLALGLAFLLASISLWVLWGYVEDLLLVSYVPYYLPCPEFNVKLPFRREKPFQPMTQLQYPQPKLLEHRPTELLTLTPWLAPIVSEGTFDPQLLQNMYQPLNLTIGVTVFAVGKYTCFIRPFLESAEKFFMRGYQVHYYLFTHDPAAVPKVPLGPGRLLSIIPIQGHSQWEEISMRRMETISKLIAKRAHQEVDYLFCLDVDMVFRNPWGPETLGDLVAAIHPGYFAVSRQQFPYERRQVSAAFVAYNEGDFYYGGAVFGGRVARVYEFTRGCHTAILADKANGIMAAWQEESHLNRRFIWHKPSTVLSPEYLWDDRKPQPPSLKLIRFSTVDKDTSWLRS
uniprot	GT6	GT6-Mix	tr|A0A1V4J6I1|A0A1V4J6I1_PATFA	Patagioenas fasciata monilis	372326	Chordata	Metazoa	343	110	342	TAFAIGKYTRFVGRFLESAEKHFMKGYRVNYYIFTDNPETIPDVPLQPGRRFVIVPIKKYPSWQEISMRRMEAINKHIAETSHQEVDYLFCLDIDMVFYNTWGPETLGDIVAAIHPGYFNVPRSQFPYERRRSSAAYIPDGEGDFYYGGAVFGGLVKKVYEFTKTCHMTILTDKANGIMAAWQEESHLNRHFLSHKPSKVLSPEYLWDDRKPKPPEIHLIRFSTVDKNYKEIR	MISRKTLGSLVCLCVVAAFIWITFGNGKVRYLPYYLPCPEIFSMKLQYTEEKLIQLFPQLFYQQPRVLAPKRQDVLTVTPWLAPIIWEGTFNPEILDSAYRPLNLTIGVTAFAIGKYTRFVGRFLESAEKHFMKGYRVNYYIFTDNPETIPDVPLQPGRRFVIVPIKKYPSWQEISMRRMEAINKHIAETSHQEVDYLFCLDIDMVFYNTWGPETLGDIVAAIHPGYFNVPRSQFPYERRRSSAAYIPDGEGDFYYGGAVFGGLVKKVYEFTKTCHMTILTDKANGIMAAWQEESHLNRHFLSHKPSKVLSPEYLWDDRKPKPPEIHLIRFSTVDKNYKEIRD
uniprot	GT6	GT6-Mix	tr|A0A2I4AJA0|A0A2I4AJA0_9TELE	Austrofundulus limnaeus	52670	Chordata	Metazoa	399	165	397	TVFAVGKYIMFLKDFLETAEQHFFVGFRVHVYVFTDRPKEVPEVKMAAGRELTVLPXPSSNRWQEITTGRLELIQTLIEEQLINKVDYIFCLDVDSKFHGRWGTESLGELVSVIHPGYYKDDRSKFPYERRPSSRAFIAADDGDFYYCGGAFGGLVQEVHQLARTCRINFEDDAKEGIEAAWQEESHLNRYMWINKPSKILSPEYLWQDFKPREPEVKIIRFSGVIKNYAAIR	MNGTRTQNKRERGAGPSWTTSSFTALSQSLFRPAGSGAEPSRLDRQVCLMMVNTKVLTAVLFAGVLLGVLYVYIHSSYSIVGHFGFYQKSGECPVTRCAEKVIKGPDLKLVLPDGMKFPQPSILRGRTDVVSVTPWLAPVVWEGTFSANLLDGIYKKKNISVAATVFAVGKYIMFLKDFLETAEQHFFVGFRVHVYVFTDRPKEVPEVKMAAGRELTVLPXPSSNRWQEITTGRLELIQTLIEEQLINKVDYIFCLDVDSKFHGRWGTESLGELVSVIHPGYYKDDRSKFPYERRPSSRAFIAADDGDFYYCGGAFGGLVQEVHQLARTCRINFEDDAKEGIEAAWQEESHLNRYMWINKPSKILSPEYLWQDFKPREPEVKIIRFSGVIKNYAAIRPN
uniprot	GT6	GT6-Mix	tr|A0A2I4BXM3|A0A2I4BXM3_9TELE	Austrofundulus limnaeus	52670	Chordata	Metazoa	351	111	337	ILVVGTYARFVQPFLSSAEIHFLPDQMVTYFVLTDNPRTLDPSIELGPWRQMRVLLVAELPXWERLSYRRMGLFADTIRNSIGSEVEYVFCADVDQEFVGPVGEEILGGLVATLHPEVYGMPRNMFPYEDQEVSASCVEEDEGDYYYTSEFYGGSLSQMRRLTHDCSLLILQDQANRVTARGLEESYLNRYLIDHRPTRVLSPEYSWWDSPLTARVPKRRLVSFGRQ	MALFLLCKTPTGTVRMTRVQLLLCCFLLSLIIYFFNGRKVAISLKSAPPVNHPLRLEEDRILEDMTVIKAAEPETPNETPWGAPIVWGDSQKSVFRKNKISEQGVSIGLLILVVGTYARFVQPFLSSAEIHFLPDQMVTYFVLTDNPRTLDPSIELGPWRQMRVLLVAELPXWERLSYRRMGLFADTIRNSIGSEVEYVFCADVDQEFVGPVGEEILGGLVATLHPEVYGMPRNMFPYEDQEVSASCVEEDEGDYYYTSEFYGGSLSQMRRLTHDCSLLILQDQANRVTARGLEESYLNRYLIDHRPTRVLSPEYSWWDSPLTARVPKRRLVSFGRQCEAFDMEKKEQQKC
uniprot	GT6	GT6-Mix	tr|A0A2I4CF79|A0A2I4CF79_9TELE	Austrofundulus limnaeus	52670	Chordata	Metazoa	349	115	347	TVFAVGKYIMFLKDFLETAEQHFFVGFRVHVYVFTDRPKEVPEVKMAAGRELTVLPVPSSNRWQEISARRMELIQTLIEEQLINKVDYIFCLDVDSKFHGRWGTESLGELVSVIHPGYYKDDRSKFPYERRPSSRAFIAADDGDFYYCGGAFGGLVQEVHQLARTCRINFEDDAKEGIEAAWQEESHLNRYMWINKPSKILSPEYLWQDFKPREPEVKIIRFSGVIKNYAAIR	MLNVKVLAGXLFVGVLLGVLYVYIHSSYSIVGHFGFYQKSGECPVTRCAEKVIKGPDLKLVLPDGMKFPQPSILRGRTDVVSVTPWLAPVVWEGTFSADFFDGVYLKKNISVAATVFAVGKYIMFLKDFLETAEQHFFVGFRVHVYVFTDRPKEVPEVKMAAGRELTVLPVPSSNRWQEISARRMELIQTLIEEQLINKVDYIFCLDVDSKFHGRWGTESLGELVSVIHPGYYKDDRSKFPYERRPSSRAFIAADDGDFYYCGGAFGGLVQEVHQLARTCRINFEDDAKEGIEAAWQEESHLNRYMWINKPSKILSPEYLWQDFKPREPEVKIIRFSGVIKNYAAIRPN
uniprot	GT6	GT6-Mix	tr|A0A1Y2AF99|A0A1Y2AF99_9FUNG	Neocallimastix californiae	1754190	Chytridiomycota	Fungi	322	47	250	LGKYDVLWKEFYESMKEKFITSMTKDYYIFTDSKNIYKKEEDNVHIIEQKDLGWPGNTLYRFNMFLSQKEELLKFKYIFFFNANVICKQEVGEEFLPKNERLLFVQHGNFYNESNLIFTYERNVNSTAYIPFGKGKHYVQGSINGGKANDFLQMCEVLKNRIAEDDKNNIVAIWHDESHLNRYFLDLDPSQYRLLNISYNYPCW	MQKTYYILIFLILLIFRIRAKDEYKSLRKKYSINKNKKDIAIVYICLGKYDVLWKEFYESMKEKFITSMTKDYYIFTDSKNIYKKEEDNVHIIEQKDLGWPGNTLYRFNMFLSQKEELLKFKYIFFFNANVICKQEVGEEFLPKNERLLFVQHGNFYNESNLIFTYERNVNSTAYIPFGKGKHYVQGSINGGKANDFLQMCEVLKNRIAEDDKNNIVAIWHDESHLNRYFLDLDPSQYRLLNISYNYPCWKNIPEFEPKIFLRDKNKYFDVSKIKNNLININKIKRKSSKYQKFLLLCKKKCQNNNRKLKKYCKKCFLDMSN
uniprot	GT6	GT6-Mix	tr|A0A1Y3N1S0|A0A1Y3N1S0_PIRSE	Piromyces sp. (strain E2)	73868	Chytridiomycota	Fungi	284	30	229	TGKYDVFWKEFYESVEEKFIPHMKKDYFVFTDSKDIYKKENDNVHIIKQKNLGWPGNTLYRFHMFLSQKEKLQNYKYIFFMNANIICNFGVGEEFLPKDEGLLFVQHHAYYKAPNTKFSYERNSNSTAYIPMGQGKYYVCGGVNGGRAKEYLHMCEVLKSRIDEDDKNDVVAVWHDESHINKYLLELEKSQYKLLNVSYC	KSVDSADSIEISELNKNTHEKDIAILYICTGKYDVFWKEFYESVEEKFIPHMKKDYFVFTDSKDIYKKENDNVHIIKQKNLGWPGNTLYRFHMFLSQKEKLQNYKYIFFMNANIICNFGVGEEFLPKDEGLLFVQHHAYYKAPNTKFSYERNSNSTAYIPMGQGKYYVCGGVNGGRAKEYLHMCEVLKSRIDEDDKNDVVAVWHDESHINKYLLELEKSQYKLLNVSYCFPEYKMNRKSFPFDPILFFRNKKKYINLKEIKGDSHEMMGNNKNKNKAKNKAIIN
uniprot	GT6	GT6-Mix	tr|A0A218U9E7|A0A218U9E7_9PASE	Lonchura striata domestica	299123	Chordata	Metazoa	304	70	257	FAVEKYVQFIEGFMSSANKYFLAGHPVNFYLFTDNPEKISHIQMAPENHLFVIPVQNDPRWQDISRSRMDIISCYIQSQFQHEVDYLYSLDINVQLLAHIGVEIIDALVATISSWQVTPQHENKGSEAHPDSQSAVPEGQGDFYYTASFYGGSVPEVYKLTRACSAGLREDTENGIEAPWHHESHLNR	MINSVVDISACPPEVLGHLNPASFSTPCRRRDVLVLTPWLAPIVWEGTFSRDILNAQYLQKKAVTGVVTFAVEKYVQFIEGFMSSANKYFLAGHPVNFYLFTDNPEKISHIQMAPENHLFVIPVQNDPRWQDISRSRMDIISCYIQSQFQHEVDYLYSLDINVQLLAHIGVEIIDALVATISSWQVTPQHENKGSEAHPDSQSAVPEGQGDFYYTASFYGGSVPEVYKLTRACSAGLREDTENGIEAPWHHESHLNRTLQGSHPNSPVQNKDLQRFYSPTPLQHPEGWKISLIHGPSLPNASGN
uniprot	GT6	GT6-Mix	tr|A0A226NNY0|A0A226NNY0_CALSU	Callipepla squamata	9009	Chordata	Metazoa	272	39	271	TAFAVGKYTRFVGRFLESAERHFMKGYRVNYYIFTDRPEMIPDVQLQPGRRFDVVHIKKYPSWQEISMRRMEAINLHIAETSHQEVDYLFCLDIDMVFHNAWGAETLGDIVAAIHPGYFNVPRSQFLYERRSSSAAYIPHGEGDFYYGGAVFGGLVKKVYEFTRTCHMTILADKANGIMAVWQEESHLNRYFLSHKPSKVLSPEYLWDDRKPKPPEILLIRFSTVDKDYREIR	RHDVLTVTPWLAPIVWEGTFSPEILDNAYMPLNLTIGVTAFAVGKYTRFVGRFLESAERHFMKGYRVNYYIFTDRPEMIPDVQLQPGRRFDVVHIKKYPSWQEISMRRMEAINLHIAETSHQEVDYLFCLDIDMVFHNAWGAETLGDIVAAIHPGYFNVPRSQFLYERRSSSAAYIPHGEGDFYYGGAVFGGLVKKVYEFTRTCHMTILADKANGIMAVWQEESHLNRYFLSHKPSKVLSPEYLWDDRKPKPPEILLIRFSTVDKDYREIRD
uniprot	GT6	GT6-Mix	tr|A0A226P8F1|A0A226P8F1_COLVI	Colinus virginianus	9014	Chordata	Metazoa	301	68	300	TAFAVGKYTRFVGRFLESAERHFMKGYRVNYYIFTDRPEMIPDVQLQPGRRFDVVHIKKYPSWQEISMRRMEAINLHIAETSHKEVDYLFCLDIDMVFHNAWGAETLGDIIAAIHPGYFNVPRSQFLYERRSSSAAYIPHGEGDFYYGGAVFGGLVKKVYEFTRTCHMTVLADKANGIMAVWQEESHLNRYFLSHKPSKVLSPEYLWDDRKPKPPEILLIRFSTVDKNYREIR	SKKLQYLEEKPVQLFPQLFYQQPRVLAPKRHDVLTVTPWLAPIVWEGTFSPEILDSAYMPLNLTIGVTAFAVGKYTRFVGRFLESAERHFMKGYRVNYYIFTDRPEMIPDVQLQPGRRFDVVHIKKYPSWQEISMRRMEAINLHIAETSHKEVDYLFCLDIDMVFHNAWGAETLGDIIAAIHPGYFNVPRSQFLYERRSSSAAYIPHGEGDFYYGGAVFGGLVKKVYEFTRTCHMTVLADKANGIMAVWQEESHLNRYFLSHKPSKVLSPEYLWDDRKPKPPEILLIRFSTVDKNYREIRD
uniprot	GT6	GT6-Mix	tr|A0A2D0Q9S2|A0A2D0Q9S2_ICTPU	Ictalurus punctatus	7998	Chordata	Metazoa	311	76	308	TVFAVGKYVRFLKDFLESAEQHFMVGYRVHYYLFTDRPDEVPTVTLGEGRQLTVIKTETSNRWQEISLRRMERIEKLIEKELTGKADYIFSLDVDSKFYAHWGAESLGDLVGVLHAWYFGSSRNHFPYERRPESQAFIPFEEGDYYYGGAVIGGHLDEVHKLAKTCRMQLDVDRANHIEAIWQEESHLNKYFLYNKPSKALSPEYLWDDTKWKRSYLKVVRFSQVVKNYANIR	MRKVTMRFGQNFYLFSIIVIVSLLGLVYLSFTSSKSSRPDVATTTLWLAPIVWEGTFDQKLIDNIYKPRNITVATTVFAVGKYVRFLKDFLESAEQHFMVGYRVHYYLFTDRPDEVPTVTLGEGRQLTVIKTETSNRWQEISLRRMERIEKLIEKELTGKADYIFSLDVDSKFYAHWGAESLGDLVGVLHAWYFGSSRNHFPYERRPESQAFIPFEEGDYYYGGAVIGGHLDEVHKLAKTCRMQLDVDRANHIEAIWQEESHLNKYFLYNKPSKALSPEYLWDDTKWKRSYLKVVRFSQVVKNYANIRPNP
uniprot	GT6	GT6-Mix	tr|A0A2D0QCL3|A0A2D0QCL3_ICTPU	Ictalurus punctatus	7998	Chordata	Metazoa	213	1	210	MVGYRVHYYLFTDHPDKVPTVTLGEGRQLTVIKTATSNRWQEISLRRMEMIEKLIEKEHTGKADYIFSLDVYSKFHAHWGAESLGDLVGVLHAGFFGTSREQFTYERRPESQAFIPLQEGDYYYGGAVIGGRLEKVHKLVKTCRMQLDVDRANHIEAAWQEESHLNKYFLYNKPSKVLSPEYLWDDTKGKPSYMKVVRSSQVFKKYAEVR	MVGYRVHYYLFTDHPDKVPTVTLGEGRQLTVIKTATSNRWQEISLRRMEMIEKLIEKEHTGKADYIFSLDVYSKFHAHWGAESLGDLVGVLHAGFFGTSREQFTYERRPESQAFIPLQEGDYYYGGAVIGGRLEKVHKLVKTCRMQLDVDRANHIEAAWQEESHLNKYFLYNKPSKVLSPEYLWDDTKGKPSYMKVVRSSQVFKKYAEVRPNP
uniprot	GT6	GT6-Mix	tr|A0A2D0QJI2|A0A2D0QJI2_ICTPU	Ictalurus punctatus	7998	Chordata	Metazoa	359	124	356	TVFALGKYVRFLKDFLESAEQHFMVGYRVHYYLFTDRPDEVPAVTLGEGRQLTVIKTETSNRWQEISLRRMERIEKLIEKELIDKADYIFSLDVDSKFYAHWGAESLGDLVGALHAWYFGTSREQFTYERRPESQAFIPLQEGDYYYIGAMIGGRLDKVHKLVKTCRMQLDVDRANHIEAAWQEESHLNKYFLYNKPSKVLSPEYLWDDKKGKPSYMKVVRSSQVLKNYADIR	MRSGQNLYLFFLIITVLTILGVSYFSYTSSWSRGVWECRLTVGEKKHGNGNTDLIFPPREEEKQGNTDLIFPAGIACAQPSVSNSRPDVSTMTPWLAPIVWEGTYDLTVIDNIYKQQNITVAVTVFALGKYVRFLKDFLESAEQHFMVGYRVHYYLFTDRPDEVPAVTLGEGRQLTVIKTETSNRWQEISLRRMERIEKLIEKELIDKADYIFSLDVDSKFYAHWGAESLGDLVGALHAWYFGTSREQFTYERRPESQAFIPLQEGDYYYIGAMIGGRLDKVHKLVKTCRMQLDVDRANHIEAAWQEESHLNKYFLYNKPSKVLSPEYLWDDKKGKPSYMKVVRSSQVLKNYADIRPNP
uniprot	GT6	GT6-Mix	tr|A0A2D0QKT3|A0A2D0QKT3_ICTPU	Ictalurus punctatus	7998	Chordata	Metazoa	268	33	265	TVFALGKYIRFLKDFLESAEQHFMVGYRVHYYLFTDRPDEVPTVTLGEGRQLTVIKTETSNRWQEISLRRMERIEKLIEKELIDKADYIFCLDVDSKFHAHWGAESLGDLVGVLHAGFFGTSRKQFTYERRPESQAFIPLQEGDYYYGGAVIGGRLDKVHKLVKTCRMQLDVDRANHIEAAWQEESHLNKYFLYNKPSKLLSPEYLWDDTKGKPSYMKAVRFSQVFKKYAEVR	MTPWLAPIVWEGTYDLTVIDNIYKQQNITVAVTVFALGKYIRFLKDFLESAEQHFMVGYRVHYYLFTDRPDEVPTVTLGEGRQLTVIKTETSNRWQEISLRRMERIEKLIEKELIDKADYIFCLDVDSKFHAHWGAESLGDLVGVLHAGFFGTSRKQFTYERRPESQAFIPLQEGDYYYGGAVIGGRLDKVHKLVKTCRMQLDVDRANHIEAAWQEESHLNKYFLYNKPSKLLSPEYLWDDTKGKPSYMKAVRFSQVFKKYAEVRPNP
uniprot	GT6	GT6-Mix	tr|A0A2D0T1Y8|A0A2D0T1Y8_ICTPU	Ictalurus punctatus	7998	Chordata	Metazoa	353	112	326	AILAIGNYNHYLQRLLSSAELYFLLNFYVTYYVLTDRPRELDPPLNLGLNRELRVIPVAEMPGWDRLSLRRMALLATLIKEQINLEVDYVYCIDVDQEFTNPVGTEILGKLTATLHPLFYAKPRYSYPYEKNPVSLAYVEEGEGDYYYSSEFYGGLCSKVLAMAQTCSLLILQDQEKGIRAKELEESYLNRYLINHRPTCVLSPEYNWWESPGVP	MTSFVQYYVHFHTYIHILTLTGFSFGNRKPLLVLGVCLLAGLVYFLREKRMSAVPIQTMSLLSGVQQRRSGLNIKEVPVMTPWGAPLVWGDSESSVWRRDEFAHLGARTGLAILAIGNYNHYLQRLLSSAELYFLLNFYVTYYVLTDRPRELDPPLNLGLNRELRVIPVAEMPGWDRLSLRRMALLATLIKEQINLEVDYVYCIDVDQEFTNPVGTEILGKLTATLHPLFYAKPRYSYPYEKNPVSLAYVEEGEGDYYYSSEFYGGLCSKVLAMAQTCSLLILQDQEKGIRAKELEESYLNRYLINHRPTCVLSPEYNWWESPGVPEVPTQRLRSIGRQCLSTGNYKGNTNAC
uniprot	GT6	GT6-Mix	tr|A0A2K5CC96|A0A2K5CC96_AOTNA	Aotus nancymaae	37293	Chordata	Metazoa	306	73	305	TVFAVGKYTHFVQSFLESAEEFFMRGYRVHYYIFTDDPAAIPPVPLGPHRLLSTIPIQGHSHWEEISTRRMETISQHIAKRAHREVDYLFCLDVDMVFRNPWGPETLGDLVAAIHPGYYAVPRQQFPYERRRVSAAFVADSEGDFYYGGAVFGGQVARVYEFTRSCHMAILADKANGIMAAWQEESHLNRHFISNKPSKVLSPEYLWDDRKPQPPSLKLIRFSTLDKDISCLR	MENARLLLGGGYHYPHFPYEEREGLSAHGPPAARPTQLLTLTPWLAPIVSEGTFNPELLQHIYQPLNLTTGVTVFAVGKYTHFVQSFLESAEEFFMRGYRVHYYIFTDDPAAIPPVPLGPHRLLSTIPIQGHSHWEEISTRRMETISQHIAKRAHREVDYLFCLDVDMVFRNPWGPETLGDLVAAIHPGYYAVPRQQFPYERRRVSAAFVADSEGDFYYGGAVFGGQVARVYEFTRSCHMAILADKANGIMAAWQEESHLNRHFISNKPSKVLSPEYLWDDRKPQPPSLKLIRFSTLDKDISCLRS
uniprot	GT6	GT6-Mix	tr|A0A2K5EEX8|A0A2K5EEX8_AOTNA	Aotus nancymaae	37293	Chordata	Metazoa	309	80	308	ISRYTHFVQSFLESAEEFFMRGYRVHYYIFTDDPAAIPPVPLGPHRLLSTIPIQGHSHWEEISTRRMETISQHIAKRAHREVDYLFCLDVDMVFRNPWGPETLGDLVAAIHPGYYAVPRQQFPYERRRVSAAFVADSEGDFYYGGAVFGGQVARVYEFTRSCHMAILADKANGIMAAWQEESHLNRHFISNKPSKVLSPEYLWDDRKPQPPSLKLIRFSTLDKDISCLR	RRGLALWLRLGTSDSLLPVLSVSVPSPVVTALSCLCPSNMKLHYEREKPLQPVAWSQYPQPKLLEHRQAAGVAGDDWVIISRYTHFVQSFLESAEEFFMRGYRVHYYIFTDDPAAIPPVPLGPHRLLSTIPIQGHSHWEEISTRRMETISQHIAKRAHREVDYLFCLDVDMVFRNPWGPETLGDLVAAIHPGYYAVPRQQFPYERRRVSAAFVADSEGDFYYGGAVFGGQVARVYEFTRSCHMAILADKANGIMAAWQEESHLNRHFISNKPSKVLSPEYLWDDRKPQPPSLKLIRFSTLDKDISCLRS
uniprot	GT6	GT6-Mix	tr|A0A2K5QFI6|A0A2K5QFI6_CEBCA	Cebus capucinus imitator	1737458	Chordata	Metazoa	346	113	345	TVFAVGKYTHFVQCFLESAEEFFMRGYRVHYYIFTDNPAAIPRVPLGPHRLLGTIPIQGHSHWEEISMRWMETISQHIAKRAHREVDYLFCLDVDMVFWNPWGPETLGDLVAAIHPGYYAILCQQFPYQRRRVSAAFVADSEGDFYYGGAVSRGQVARVYEFTGSCHMAILADKANGIVAAWQEESHLNHHFITNKPSKVLSPEYLWDDRKPQPPSLKLISFSTLDKDISCLR	MHHQRLALGLGICLLVGTSLSVLWVCVENGLPVSYGSYYLPCPEIFNMKLHYEREKPLQPMAWSQYPQPLLEHRPTQLLTLTPWLAPVVSEGTFNPELPQHAYQAPNLTIGVTVFAVGKYTHFVQCFLESAEEFFMRGYRVHYYIFTDNPAAIPRVPLGPHRLLGTIPIQGHSHWEEISMRWMETISQHIAKRAHREVDYLFCLDVDMVFWNPWGPETLGDLVAAIHPGYYAILCQQFPYQRRRVSAAFVADSEGDFYYGGAVSRGQVARVYEFTGSCHMAILADKANGIVAAWQEESHLNHHFITNKPSKVLSPEYLWDDRKPQPPSLKLISFSTLDKDISCLRS
uniprot	GT6	GT6-Mix	tr|A0A2K6BKQ7|A0A2K6BKQ7_MACNE	Macaca nemestrina	9545	Chordata	Metazoa	356	126	353	TAFAVGKCTHFIQSFLESAEEFFMRGYRVHYYIFTDNPAAVPGVPLGPHRLLSTIPIQGHSNWEETCMRRMETISQHIAKRAHREVDYLFCLDVDMVFQNPWGPETLGDLVAAVHPSYYAIPRQQFPYERRRVSTAFVADSEGDFYYGGKVFGGQVARVYEFTRGCHMAILADKANGIMAAWREESHLNRRFISNKPSKVLSPEYLWDDRKPQPPSLKLIRFSTLDKD	MLPRLVWNSWPQRILPTHPCWDCRCEPPHWPAFVFLCVTLHCSWSVSGLVERKEEPGSNMKLHCKREKPLQPVAWSQYPQPKLLEHRPTQLLTLTPWLAPIVSEGTFNPELLQHIYQPLNLTIGVTAFAVGKCTHFIQSFLESAEEFFMRGYRVHYYIFTDNPAAVPGVPLGPHRLLSTIPIQGHSNWEETCMRRMETISQHIAKRAHREVDYLFCLDVDMVFQNPWGPETLGDLVAAVHPSYYAIPRQQFPYERRRVSTAFVADSEGDFYYGGKVFGGQVARVYEFTRGCHMAILADKANGIMAAWREESHLNRRFISNKPSKVLSPEYLWDDRKPQPPSLKLIRFSTLDKDISS
uniprot	GT6	GT6-Mix	tr|A0A2K5XKG7|A0A2K5XKG7_MANLE	Mandrillus leucophaeus	9568	Chordata	Metazoa	322	92	319	TAFAVGKYTHFIQSFLESAEEFFMRGYRVHYYIFTDNPAAVPGVPLGPHRLLSTIPIQGHSNWEEISMRRMETISQHIAKRAHQEVDYLFCLDVDMVFRNPWGPETLGDLVAAIHPSYYTIPRQQFPYERRRVSTAFVADSEGDFYYGGKVFGGQVARVYEFTRGCHMAILADKANGIMAAWREESHLNRRFISNKPSKVLSPEYLWDDRKPQPPSLKLIRFSTLDND	MHPRRLALGLGFCLLAGPSLSVLCNMKLHCKREKPLQPVAWSQYPQPKLLEHRPTQLLTLTPWLAPIVSEGTFNPELLQHIYHPLNLTIGVTAFAVGKYTHFIQSFLESAEEFFMRGYRVHYYIFTDNPAAVPGVPLGPHRLLSTIPIQGHSNWEEISMRRMETISQHIAKRAHQEVDYLFCLDVDMVFRNPWGPETLGDLVAAIHPSYYTIPRQQFPYERRRVSTAFVADSEGDFYYGGKVFGGQVARVYEFTRGCHMAILADKANGIMAAWREESHLNRRFISNKPSKVLSPEYLWDDRKPQPPSLKLIRFSTLDNDISS
uniprot	GT6	GT6-Mix	tr|A0A2K6FLP9|A0A2K6FLP9_PROCO	Propithecus coquereli	379532	Chordata	Metazoa	348	115	347	TVFAVGKYTCFVQHFLESAEKFFMRGYRVYYYIFTHDPAAIPRVSLGPGRLLSIIPIQGNSHWEEISVRRMETISRHIARRAHREVDYLFCLDVDMVFRNPWGPETLGDLVAAIHPGYYAVPRQQFPYERRPLSTAFVADSEGDFYYGGAVFGGQVARVYEFTRGCHMAILADKANGIMAAWQEESHLNRRFISHKPSKVLSPEYLWDDRKPQPPSLKLIRLSTLDKDTSWLR	MHRKRLALSLGLCLLAGASLWVLWVSVETWLPVSYIPYYLPCPEIFNMKLQYKGQKPFQPVAQSQYPQPKLLLEHSPTELLTLTPWLAPIVSEGTFNPELLQHIYQPLNLTIGVTVFAVGKYTCFVQHFLESAEKFFMRGYRVYYYIFTHDPAAIPRVSLGPGRLLSIIPIQGNSHWEEISVRRMETISRHIARRAHREVDYLFCLDVDMVFRNPWGPETLGDLVAAIHPGYYAVPRQQFPYERRPLSTAFVADSEGDFYYGGAVFGGQVARVYEFTRGCHMAILADKANGIMAAWQEESHLNRRFISHKPSKVLSPEYLWDDRKPQPPSLKLIRLSTLDKDTSWLRS
uniprot	GT6	GT6-Mix	tr|A0A2K6KXL4|A0A2K6KXL4_RHIBE	Rhinopithecus bieti	61621	Chordata	Metazoa	366	137	363	VFAVGKYTDFIQSFLESAEEFFMRGYQVHYYIFTDNPAAVPGVPLGPRRLLSTIPIQGHSNWEETSMCRMETISQHIAKRAHREVDYLFCLDVDMVFRNPWGPETLGDLVAAIHPSYYATPHQQFPYKRRRVSTAFVADSEGDFYYGGKVFGGQVARVYEFTRGCHMAILADKANGIMAAWREESHLNRRFISNKPSKVLSPEYLWDDRKPQPPSLKLIRFSTLDKD	MASSAQTGGVSAGAQALVQPPAIHRQRLALGLGFCLLAGTSLSVLWVYAENWLPVSYVPYYLSCPEIFNMKLHCKREKPLQPVAWSQYPQPKLLEHRPTQLLTLTPWLAPIVSEGTFNPELLQHIYQPLNLTIGVMVFAVGKYTDFIQSFLESAEEFFMRGYQVHYYIFTDNPAAVPGVPLGPRRLLSTIPIQGHSNWEETSMCRMETISQHIAKRAHREVDYLFCLDVDMVFRNPWGPETLGDLVAAIHPSYYATPHQQFPYKRRRVSTAFVADSEGDFYYGGKVFGGQVARVYEFTRGCHMAILADKANGIMAAWREESHLNRRFISNKPSKVLSPEYLWDDRKPQPPSLKLIRFSTLDKDISS
uniprot	GT6	GT6-Mix	tr|A0A2K6UWA1|A0A2K6UWA1_SAIBB	Saimiri boliviensis boliviensis	39432	Chordata	Metazoa	346	114	345	TVFAVGKYTHFVQSFLESAEEFFMRGYRVHYYIFADNPAAIPRVPLGPHRILSTIPIQGHSHWEISMSRMETISQHIAKRAHREVDYLFCLDVNMVFRNPWGPETLGDLVAAIHPGYYTVPRQQFPYERRRVSAAFVADSEGDFYYGGAVFGGQVARVYEFTRSCHMAILADKANGIMAAWQEESHLNRHFISNKPSKVLSPEYLWDNRKPQPPSLKLIRFSTLDKDISCLR	MHRQRLALGLGICLLVGTSLSVLWVYVENWLPVSYVPYYLPCPEIFNTKLHYEREKPLQPVVWSQYPQPKLLEHRPTQLLTLTPWLAPIISEGTFHPELLQHIYQPLNLTIGVTVFAVGKYTHFVQSFLESAEEFFMRGYRVHYYIFADNPAAIPRVPLGPHRILSTIPIQGHSHWEISMSRMETISQHIAKRAHREVDYLFCLDVNMVFRNPWGPETLGDLVAAIHPGYYTVPRQQFPYERRRVSAAFVADSEGDFYYGGAVFGGQVARVYEFTRSCHMAILADKANGIMAAWQEESHLNRHFISNKPSKVLSPEYLWDNRKPQPPSLKLIRFSTLDKDISCLRS
uniprot	GT6	GT6-Mix	tr|A0A2P4SXS2|A0A2P4SXS2_BAMTH	Bambusicola thoracicus	9083	Chordata	Metazoa	313	80	312	TAFAIGKYTRFVGRFLESAEMHFMKGYRVNYYIFTDNPEMMPDVQLQPGRRLDVVHIKKYSSWQEISMRRMEAINLHIAERSHQEVDYLFCLDIDMVFHNAWGAETLSDIVAAIHPGYFNVPRSQFPYERRSSSAAYIPDGEGDFYYGGAVFGGLVKNVYEFTKTCHMTILADKANGIMAAWQEESHLNRHFLSHKPSKLLSPEYMWDDRKPKPPEIFLIRFSTVDKNYQEVR	ITTLYFPTPSCSSKKLQYLEEKPVQLFPQLFYQQPRVLAPKRQDVLTVTPWLAPIVWEGTFSPEVLDSAYMPLNLTIGVTAFAIGKYTRFVGRFLESAEMHFMKGYRVNYYIFTDNPEMMPDVQLQPGRRLDVVHIKKYSSWQEISMRRMEAINLHIAERSHQEVDYLFCLDIDMVFHNAWGAETLSDIVAAIHPGYFNVPRSQFPYERRSSSAAYIPDGEGDFYYGGAVFGGLVKNVYEFTKTCHMTILADKANGIMAAWQEESHLNRHFLSHKPSKLLSPEYMWDDRKPKPPEIFLIRFSTVDKNYQEVRN
uniprot	GT6	GT6-Mix	tr|A0A2R8ZV33|A0A2R8ZV33_PANPA	Pan paniscus	9597	Chordata	Metazoa	347	114	346	TVFAVGKYTYFIQSFLESAEEFFMRGYRVHYYIFTDNPAAIPGVPLGPHRLLSSIPIQGHSHWEETSMRRMETISQHIAKRAYREVDYLFCLDVDMVFRNPWGPETLGDLVAAIHPSYYAVPRQQFPYERRRVSTAFVADNEGDFYYGGAVFGGQVARVYEFTRGCHMAILADKVNGIMAAWREESHLNRHFISNKPSKVLSPEYLWDDRKPQPPSLKLIRFSTLDKDISCLR	MHRRRLALGLGFCLLAGTSLSVLWVYLENWLPVSYVPYYLPCPEIFNMKLHYKREKPLQPVVWSQYPQPKLLEHRPTQLLTLTPWLAPIVSEGTFNPELLQHIYQPPNLTIGVTVFAVGKYTYFIQSFLESAEEFFMRGYRVHYYIFTDNPAAIPGVPLGPHRLLSSIPIQGHSHWEETSMRRMETISQHIAKRAYREVDYLFCLDVDMVFRNPWGPETLGDLVAAIHPSYYAVPRQQFPYERRRVSTAFVADNEGDFYYGGAVFGGQVARVYEFTRGCHMAILADKVNGIMAAWREESHLNRHFISNKPSKVLSPEYLWDDRKPQPPSLKLIRFSTLDKDISCLRS
